from,to,const,y1,y2,y3,y4,y5,y6,y7,y8,y9,y10,y11,y12,y13,y14,y15,y16,y17,y18,y19,y20,y21,y22,y23,y24,y25,y26,y27,y28,y29,y30,y31,y32,y33,y34,y35,y36,y37,y38,y39,y40
% Geographical variation in feedstock max. availability for cost-curve (k-ton/h),,,,,,,,,,,,,,,,,,,,,,,,,,,,,,,,,,,,,,,,,,
CPAL,7TAL,0.38319383,0.38319383,0.38319383,0.38319383,0.413138197,0.443082563,0.47302693,0.552884218,0.632741506,0.712598794,0.792456082,0.87231337,0.98169816,1.09108295,1.20046774,1.30985253,1.41923732,1.600478,1.78171868,1.96295936,2.14420004,2.32544072,2.41606106,2.5066814,2.59730174,2.68792208,2.77854242,2.86916276,2.9597831,3.05040344,3.14102378,3.23164412,3.32226446,3.4128848,3.50350514,3.59412548,3.68474582,3.77536616,3.8659865,3.95660684,4.04722718
CPAZ,7TAZ,0.41439105,0.41439105,0.41439105,0.41439105,0.41591946,0.41744787,0.41897628,0.416295372,0.413614464,0.410933556,0.408252648,0.40557174,0.405988442,0.406405144,0.406821846,0.407238548,0.40765525,0.408387854,0.409120458,0.409853062,0.410585666,0.41131827,0.411684572,0.412050874,0.412417176,0.412783478,0.41314978,0.413516082,0.413882384,0.414248686,0.414614988,0.41498129,0.415347592,0.415713894,0.416080196,0.416446498,0.4168128,0.417179102,0.417545404,0.417911706,0.418278008
CPAR,7TAR,2.10126852,2.10126852,2.10126852,2.10126852,2.189569837,2.277871153,2.36617247,2.552447844,2.738723218,2.924998592,3.111273966,3.29754934,3.43643653,3.57532372,3.71421091,3.8530981,3.99198529,4.250896056,4.509806822,4.768717588,5.027628354,5.28653912,5.415994503,5.545449886,5.674905269,5.804360652,5.933816035,6.063271418,6.192726801,6.322182184,6.451637567,6.58109295,6.710548333,6.840003716,6.969459099,7.098914482,7.228369865,7.357825248,7.487280631,7.616736014,7.746191397
CPCA,7TCA,1.10948123,1.10948123,1.10948123,1.10948123,1.120173683,1.130866137,1.14155859,1.14242283,1.14328707,1.14415131,1.14501555,1.14587979,1.150394228,1.154908666,1.159423104,1.163937542,1.16845198,1.1729174,1.17738282,1.18184824,1.18631366,1.19077908,1.19301179,1.1952445,1.19747721,1.19970992,1.20194263,1.20417534,1.20640805,1.20864076,1.21087347,1.21310618,1.21533889,1.2175716,1.21980431,1.22203702,1.22426973,1.22650244,1.22873515,1.23096786,1.23320057
CPCO,7TCO,1.74347939,1.74347939,1.74347939,1.74347939,1.759606383,1.775733377,1.79186037,1.81924063,1.84662089,1.87400115,1.90138141,1.92876167,1.948753336,1.968745002,1.988736668,2.008728334,2.02872,2.075087536,2.121455072,2.167822608,2.214190144,2.26055768,2.283741448,2.306925216,2.330108984,2.353292752,2.37647652,2.399660288,2.422844056,2.446027824,2.469211592,2.49239536,2.515579128,2.538762896,2.561946664,2.585130432,2.6083142,2.631497968,2.654681736,2.677865504,2.701049272
CPCT,7TCT,0.0303125,0.0303125,0.0303125,0.0303125,0.03103395,0.0317554,0.03247685,0.033138888,0.033800926,0.034462964,0.035125002,0.03578704,0.037812502,0.039837964,0.041863426,0.043888888,0.04591435,0.046995368,0.048076386,0.049157404,0.050238422,0.05131944,0.051859949,0.052400458,0.052940967,0.053481476,0.054021985,0.054562494,0.055103003,0.055643512,0.056184021,0.05672453,0.057265039,0.057805548,0.058346057,0.058886566,0.059427075,0.059967584,0.060508093,0.061048602,0.061589111
CPDE,7TDE,0.15566465,0.15566465,0.15566465,0.15566465,0.159184903,0.162705157,0.16622541,0.177531514,0.188837618,0.200143722,0.211449826,0.22275593,0.234411368,0.246066806,0.257722244,0.269377682,0.28103312,0.291071448,0.301109776,0.311148104,0.321186432,0.33122476,0.336243924,0.341263088,0.346282252,0.351301416,0.35632058,0.361339744,0.366358908,0.371378072,0.376397236,0.3814164,0.386435564,0.391454728,0.396473892,0.401493056,0.40651222,0.411531384,0.416550548,0.421569712,0.426588876
CPFL,7TFL,0.10985788,0.10985788,0.10985788,0.10985788,0.128416797,0.146975713,0.16553463,0.19766521,0.22979579,0.26192637,0.29405695,0.32618753,0.457209594,0.588231658,0.719253722,0.850275786,0.98129785,1.130825666,1.280353482,1.429881298,1.579409114,1.72893693,1.803700838,1.878464746,1.953228654,2.027992562,2.10275647,2.177520378,2.252284286,2.327048194,2.401812102,2.47657601,2.551339918,2.626103826,2.700867734,2.775631642,2.85039555,2.925159458,2.999923366,3.074687274,3.149451182
CPGA,7TGA,0.51656607,0.51656607,0.51656607,0.51656607,0.54787256,0.57917905,0.61048554,0.673166072,0.735846604,0.798527136,0.861207668,0.9238882,1.022528704,1.121169208,1.219809712,1.318450216,1.41709072,1.570363784,1.723636848,1.876909912,2.030182976,2.18345604,2.260092572,2.336729104,2.413365636,2.490002168,2.5666387,2.643275232,2.719911764,2.796548296,2.873184828,2.94982136,3.026457892,3.103094424,3.179730956,3.256367488,3.33300402,3.409640552,3.486277084,3.562913616,3.639550148
CPID,7TID,1.02286774,1.02286774,1.02286774,1.02286774,1.03811022,1.0533527,1.06859518,1.072757628,1.076920076,1.081082524,1.085244972,1.08940742,1.093749058,1.098090696,1.102432334,1.106773972,1.11111561,1.115301806,1.119488002,1.123674198,1.127860394,1.13204659,1.134139688,1.136232786,1.138325884,1.140418982,1.14251208,1.144605178,1.146698276,1.148791374,1.150884472,1.15297757,1.155070668,1.157163766,1.159256864,1.161349962,1.16344306,1.165536158,1.167629256,1.169722354,1.171815452
CPIL,7TIL,12.0454531,12.0454531,12.0454531,12.0454531,12.5361706,13.0268881,13.5176056,14.04058866,14.56357172,15.08655478,15.60953784,16.1325209,16.4923,16.8520791,17.2118582,17.5716373,17.9314164,18.34671768,18.76201896,19.17732024,19.59262152,20.0079228,20.21557344,20.42322408,20.63087472,20.83852536,21.046176,21.25382664,21.46147728,21.66912792,21.87677856,22.0844292,22.29207984,22.49973048,22.70738112,22.91503176,23.1226824,23.33033304,23.53798368,23.74563432,23.95328496
CPIN,7TIN,5.8847165,5.8847165,5.8847165,5.8847165,6.135894647,6.387072793,6.63825094,6.874092016,7.109933092,7.345774168,7.581615244,7.81745632,8.010726644,8.203996968,8.397267292,8.590537616,8.78380794,8.981791988,9.179776036,9.377760084,9.575744132,9.77372818,9.872720204,9.971712228,10.07070425,10.16969628,10.2686883,10.36768032,10.46667235,10.56566437,10.6646564,10.76364842,10.86264044,10.96163247,11.06062449,11.15961652,11.25860854,11.35760056,11.45659259,11.55558461,11.65457664
CPIA,7TIA,13.8535114,13.8535114,13.8535114,13.8535114,14.33727827,14.82104513,15.304812,15.8224266,16.3400412,16.8576558,17.3752704,17.892885,18.33898334,18.78508168,19.23118002,19.67727836,20.1233767,20.49788012,20.87238354,21.24688696,21.62139038,21.9958938,22.18314551,22.37039722,22.55764893,22.74490064,22.93215235,23.11940406,23.30665577,23.49390748,23.68115919,23.8684109,24.05566261,24.24291432,24.43016603,24.61741774,24.80466945,24.99192116,25.17917287,25.36642458,25.55367629
CPKS,7TKS,5.97911181,5.97911181,5.97911181,5.97911181,6.247924707,6.516737603,6.7855505,7.73474922,8.68394794,9.63314666,10.58234538,11.5315441,11.842071,12.1525979,12.4631248,12.7736517,13.0841786,13.98829336,14.89240812,15.79652288,16.70063764,17.6047524,18.05680978,18.50886716,18.96092454,19.41298192,19.8650393,20.31709668,20.76915406,21.22121144,21.67326882,22.1253262,22.57738358,23.02944096,23.48149834,23.93355572,24.3856131,24.83767048,25.28972786,25.74178524,26.19384262
CPKY,7TKY,1.5716407,1.5716407,1.5716407,1.5716407,1.64992502,1.72820934,1.80649366,2.038904638,2.271315616,2.503726594,2.736137572,2.96854855,3.104022054,3.239495558,3.374969062,3.510442566,3.64591607,3.933191312,4.220466554,4.507741796,4.795017038,5.08229228,5.225929901,5.369567522,5.513205143,5.656842764,5.800480385,5.944118006,6.087755627,6.231393248,6.375030869,6.51866849,6.662306111,6.805943732,6.949581353,7.093218974,7.236856595,7.380494216,7.524131837,7.667769458,7.811407079
CPLA,7TLA,0.74031042,0.74031042,0.74031042,0.74031042,0.743078307,0.745846193,0.74861408,0.781089612,0.813565144,0.846040676,0.878516208,0.91099174,1.051533366,1.192074992,1.332616618,1.473158244,1.61369987,1.857636568,2.101573266,2.345509964,2.589446662,2.83338336,2.955351709,3.077320058,3.199288407,3.321256756,3.443225105,3.565193454,3.687161803,3.809130152,3.931098501,4.05306685,4.175035199,4.297003548,4.418971897,4.540940246,4.662908595,4.784876944,4.906845293,5.028813642,5.150781991
CPME,7TME,0.04362269,0.04362269,0.04362269,0.04362269,0.04364198,0.04366127,0.04368056,0.045513892,0.047347224,0.049180556,0.051013888,0.05284722,0.05773611,0.062625,0.06751389,0.07240278,0.07729167,0.07964815,0.08200463,0.08436111,0.08671759,0.08907407,0.09025231,0.09143055,0.09260879,0.09378703,0.09496527,0.09614351,0.09732175,0.09849999,0.09967823,0.10085647,0.10203471,0.10321295,0.10439119,0.10556943,0.10674767,0.10792591,0.10910415,0.11028239,0.11146063
CPMD,7TMD,0.44386149,0.44386149,0.44386149,0.44386149,0.46523334,0.48660519,0.50797704,0.54352682,0.5790766,0.61462638,0.65017616,0.68572594,0.691885792,0.698045644,0.704205496,0.710365348,0.7165252,0.737896924,0.759268648,0.780640372,0.802012096,0.82338382,0.834069682,0.844755544,0.855441406,0.866127268,0.87681313,0.887498992,0.898184854,0.908870716,0.919556578,0.93024244,0.940928302,0.951614164,0.962300026,0.972985888,0.98367175,0.994357612,1.005043474,1.015729336,1.026415198
CPMA,7TMA,0.0162963,0.0162963,0.0162963,0.0162963,0.016307873,0.016319447,0.01633102,0.017546298,0.018761576,0.019976854,0.021192132,0.02240741,0.02527778,0.02814815,0.03101852,0.03388889,0.03675926,0.0381875,0.03961574,0.04104398,0.04247222,0.04390046,0.04461458,0.0453287,0.04604282,0.04675694,0.04747106,0.04818518,0.0488993,0.04961342,0.05032754,0.05104166,0.05175578,0.0524699,0.05318402,0.05389814,0.05461226,0.05532638,0.0560405,0.05675462,0.05746874
CPMI,7TMI,2.35633462,2.35633462,2.35633462,2.35633462,2.406186267,2.456037913,2.50588956,2.597189304,2.688489048,2.779788792,2.871088536,2.96238828,3.217836074,3.473283868,3.728731662,3.984179456,4.23962725,4.4082169,4.57680655,4.7453962,4.91398585,5.0825755,5.166870325,5.25116515,5.335459975,5.4197548,5.504049625,5.58834445,5.672639275,5.7569341,5.841228925,5.92552375,6.009818575,6.0941134,6.178408225,6.26270305,6.346997875,6.4312927,6.515587525,6.59988235,6.684177175
CPMN,7TMN,7.46207618,7.46207618,7.46207618,7.46207618,7.67188085,7.88168552,8.09149019,8.269591782,8.447693374,8.625794966,8.803896558,8.98199815,9.30112288,9.62024761,9.93937234,10.25849707,10.5776218,11.0594129,11.541204,12.0229951,12.5047862,12.9865773,13.22747285,13.4683684,13.70926395,13.9501595,14.19105505,14.4319506,14.67284615,14.9137417,15.15463725,15.3955328,15.63642835,15.8773239,16.11821945,16.359115,16.60001055,16.8409061,17.08180165,17.3226972,17.56359275
CPMS,7TMS,0.95376392,0.95376392,0.95376392,0.95376392,0.985979853,1.018195787,1.05041172,1.1319852,1.21355868,1.29513216,1.37670564,1.45827912,1.61683406,1.775389,1.93394394,2.09249888,2.25105382,2.453915334,2.656776848,2.859638362,3.062499876,3.26536139,3.366792147,3.468222904,3.569653661,3.671084418,3.772515175,3.873945932,3.975376689,4.076807446,4.178238203,4.27966896,4.381099717,4.482530474,4.583961231,4.685391988,4.786822745,4.888253502,4.989684259,5.091115016,5.192545773
CPMO,7TMO,3.44374212,3.44374212,3.44374212,3.44374212,3.633552527,3.823362933,4.01317334,4.573126588,5.133079836,5.693033084,6.252986332,6.81293958,7.090823952,7.368708324,7.646592696,7.924477068,8.20236144,8.842234912,9.482108384,10.12198186,10.76185533,11.4017288,11.72166554,12.04160227,12.36153901,12.68147574,13.00141248,13.32134922,13.64128595,13.96122269,14.28115942,14.60109616,14.9210329,15.24096963,15.56090637,15.8808431,16.20077984,16.52071658,16.84065331,17.16059005,17.48052678
CPMT,7TMT,1.73415864,1.73415864,1.73415864,1.73415864,1.74425165,1.75434466,1.76443767,1.76505964,1.76568161,1.76630358,1.76692555,1.76754752,1.773159872,1.778772224,1.784384576,1.789996928,1.79560928,1.808919922,1.822230564,1.835541206,1.848851848,1.86216249,1.868817811,1.875473132,1.882128453,1.888783774,1.895439095,1.902094416,1.908749737,1.915405058,1.922060379,1.9287157,1.935371021,1.942026342,1.948681663,1.955336984,1.961992305,1.968647626,1.975302947,1.981958268,1.988613589
CPNE,7TNE,8.89501046,8.89501046,8.89501046,8.89501046,9.159128623,9.423246787,9.68736495,10.01718186,10.34699877,10.67681568,11.00663259,11.3364495,11.61459032,11.89273114,12.17087196,12.44901278,12.7271536,13.07108486,13.41501612,13.75894738,14.10287864,14.4468099,14.61877553,14.79074116,14.96270679,15.13467242,15.30663805,15.47860368,15.65056931,15.82253494,15.99450057,16.1664662,16.33843183,16.51039746,16.68236309,16.85432872,17.02629435,17.19825998,17.37022561,17.54219124,17.71415687
CPNV,7TNV,0.22551628,0.22551628,0.22551628,0.22551628,0.22564199,0.2257677,0.22589341,0.22298725,0.22008109,0.21717493,0.21426877,0.21136261,0.211394108,0.211425606,0.211457104,0.211488602,0.2115201,0.21155511,0.21159012,0.21162513,0.21166014,0.21169515,0.211712655,0.21173016,0.211747665,0.21176517,0.211782675,0.21180018,0.211817685,0.21183519,0.211852695,0.2118702,0.211887705,0.21190521,0.211922715,0.21194022,0.211957725,0.21197523,0.211992735,0.21201024,0.212027745
CPNH,7TNH,0.00994213,0.00994213,0.00994213,0.00994213,0.009949847,0.009957563,0.00996528,0.011083336,0.012201392,0.013319448,0.014437504,0.01555556,0.018064818,0.020574076,0.023083334,0.025592592,0.02810185,0.02930324,0.03050463,0.03170602,0.03290741,0.0341088,0.034709495,0.03531019,0.035910885,0.03651158,0.037112275,0.03771297,0.038313665,0.03891436,0.039515055,0.04011575,0.040716445,0.04131714,0.041917835,0.04251853,0.043119225,0.04371992,0.044320615,0.04492131,0.045522005
CPNJ,7TNJ,0.07746735,0.07746735,0.07746735,0.07746735,0.078759377,0.080051403,0.08134343,0.091764054,0.102184678,0.112605302,0.123025926,0.13344655,0.142112188,0.150777826,0.159443464,0.168109102,0.17677474,0.182027364,0.187279988,0.192532612,0.197785236,0.20303786,0.205664172,0.208290484,0.210916796,0.213543108,0.21616942,0.218795732,0.221422044,0.224048356,0.226674668,0.22930098,0.231927292,0.234553604,0.237179916,0.239806228,0.24243254,0.245058852,0.247685164,0.250311476,0.252937788
CPNM,7TNM,0.25089545,0.25089545,0.25089545,0.25089545,0.256425317,0.261955183,0.26748505,0.281212888,0.294940726,0.308668564,0.322396402,0.33612424,0.333192978,0.330261716,0.327330454,0.324399192,0.32146793,0.330088022,0.338708114,0.347328206,0.355948298,0.36456839,0.368878436,0.373188482,0.377498528,0.381808574,0.38611862,0.390428666,0.394738712,0.399048758,0.403358804,0.40766885,0.411978896,0.416288942,0.420598988,0.424909034,0.42921908,0.433529126,0.437839172,0.442149218,0.446459264
CPNY,7TNY,0.67665238,0.67665238,0.67665238,0.67665238,0.68518591,0.69371944,0.70225297,0.788858084,0.875463198,0.962068312,1.048673426,1.13527854,1.210727172,1.286175804,1.361624436,1.437073068,1.5125217,1.542097544,1.571673388,1.601249232,1.630825076,1.66040092,1.675188842,1.689976764,1.704764686,1.719552608,1.73434053,1.749128452,1.763916374,1.778704296,1.793492218,1.80828014,1.823068062,1.837855984,1.852643906,1.867431828,1.88221975,1.897007672,1.911795594,1.926583516,1.941371438
CPNC,7TNC,0.95554917,0.95554917,0.95554917,0.95554917,0.99375092,1.03195267,1.07015442,1.23521448,1.40027454,1.5653346,1.73039466,1.89545472,1.957569574,2.019684428,2.081799282,2.143914136,2.20602899,2.451688738,2.697348486,2.943008234,3.188667982,3.43432773,3.557157604,3.679987478,3.802817352,3.925647226,4.0484771,4.171306974,4.294136848,4.416966722,4.539796596,4.66262647,4.785456344,4.908286218,5.031116092,5.153945966,5.27677584,5.399605714,5.522435588,5.645265462,5.768095336
CPND,7TND,3.37384638,3.37384638,3.37384638,3.37384638,3.405345177,3.436843973,3.46834277,3.526575786,3.584808802,3.643041818,3.701274834,3.75950785,3.958050934,4.156594018,4.355137102,4.553680186,4.75222327,5.230632646,5.709042022,6.187451398,6.665860774,7.14427015,7.383474838,7.622679526,7.861884214,8.101088902,8.34029359,8.579498278,8.818702966,9.057907654,9.297112342,9.53631703,9.775521718,10.01472641,10.25393109,10.49313578,10.73234047,10.97154516,11.21074985,11.44995453,11.68915922
CPOH,7TOH,4.17887318,4.17887318,4.17887318,4.17887318,4.307527327,4.436181473,4.56483562,4.762444678,4.960053736,5.157662794,5.355271852,5.55288091,5.749346454,5.945811998,6.142277542,6.338743086,6.53520863,6.748316352,6.961424074,7.174531796,7.387639518,7.60074724,7.707301101,7.813854962,7.920408823,8.026962684,8.133516545,8.240070406,8.346624267,8.453178128,8.559731989,8.66628585,8.772839711,8.879393572,8.985947433,9.092501294,9.199055155,9.305609016,9.412162877,9.518716738,9.625270599
CPOK,7TOK,1.52533237,1.52533237,1.52533237,1.52533237,1.731120757,1.936909143,2.14269753,2.91121121,3.67972489,4.44823857,5.21675225,5.98526593,6.40371769,6.82216945,7.24062121,7.65907297,8.07752473,8.689915544,9.302306358,9.914697172,10.52708799,11.1394788,11.44567421,11.75186961,12.05806502,12.36426043,12.67045584,12.97665124,13.28284665,13.58904206,13.89523746,14.20143287,14.50762828,14.81382368,15.12001909,15.4262145,15.73240991,16.03860531,16.34480072,16.65099613,16.95719153
CPOR,7TOR,0.6432623,0.6432623,0.6432623,0.6432623,0.6448115,0.6463607,0.6479099,0.64494798,0.64198606,0.63902414,0.63606222,0.6331003,0.634729922,0.636359544,0.637989166,0.639618788,0.64124841,0.647136668,0.653024926,0.658913184,0.664801442,0.6706897,0.673633829,0.676577958,0.679522087,0.682466216,0.685410345,0.688354474,0.691298603,0.694242732,0.697186861,0.70013099,0.703075119,0.706019248,0.708963377,0.711907506,0.714851635,0.717795764,0.720739893,0.723684022,0.726628151
CPPA,7TPA,1.0524052,1.0524052,1.0524052,1.0524052,1.050353027,1.048300853,1.04624868,1.149013446,1.251778212,1.354542978,1.457307744,1.56007251,1.6663,1.77252749,1.87875498,1.98498247,2.09120996,2.263321512,2.435433064,2.607544616,2.779656168,2.95176772,3.037823496,3.123879272,3.209935048,3.295990824,3.3820466,3.468102376,3.554158152,3.640213928,3.726269704,3.81232548,3.898381256,3.984437032,4.070492808,4.156548584,4.24260436,4.328660136,4.414715912,4.500771688,4.586827464
CPRI,7TRI,0.00173611,0.00173611,0.00173611,0.00173611,0.00173611,0.00173611,0.00173611,0.001810184,0.001884258,0.001958332,0.002032406,0.00210648,0.002469906,0.002833332,0.003196758,0.003560184,0.00392361,0.004131944,0.004340278,0.004548612,0.004756946,0.00496528,0.005069447,0.005173614,0.005277781,0.005381948,0.005486115,0.005590282,0.005694449,0.005798616,0.005902783,0.00600695,0.006111117,0.006215284,0.006319451,0.006423618,0.006527785,0.006631952,0.006736119,0.006840286,0.006944453
CPSC,7TSC,0.33720441,0.33720441,0.33720441,0.33720441,0.352275783,0.367347157,0.38241853,0.438186228,0.493953926,0.549721624,0.605489322,0.66125702,0.695073242,0.728889464,0.762705686,0.796521908,0.83033813,0.932539778,1.034741426,1.136943074,1.239144722,1.34134637,1.392447194,1.443548018,1.494648842,1.545749666,1.59685049,1.647951314,1.699052138,1.750152962,1.801253786,1.85235461,1.903455434,1.954556258,2.005657082,2.056757906,2.10785873,2.158959554,2.210060378,2.261161202,2.312262026
CPSD,7TSD,4.92948568,4.92948568,4.92948568,4.92948568,5.036861937,5.144238193,5.25161445,5.441314288,5.631014126,5.820713964,6.010413802,6.20011364,6.375946296,6.551778952,6.727611608,6.903444264,7.07927692,7.387083658,7.694890396,8.002697134,8.310503872,8.61831061,8.772213979,8.926117348,9.080020717,9.233924086,9.387827455,9.541730824,9.695634193,9.849537562,10.00344093,10.1573443,10.31124767,10.46515104,10.61905441,10.77295778,10.92686115,11.08076451,11.23466788,11.38857125,11.54247462
CPTN,7TTN,1.04755117,1.04755117,1.04755117,1.04755117,1.103812483,1.160073797,1.21633511,1.451535334,1.686735558,1.921935782,2.157136006,2.39233623,2.522366276,2.652396322,2.782426368,2.912456414,3.04248646,3.385223722,3.727960984,4.070698246,4.413435508,4.75617277,4.927541401,5.098910032,5.270278663,5.441647294,5.613015925,5.784384556,5.955753187,6.127121818,6.298490449,6.46985908,6.641227711,6.812596342,6.983964973,7.155333604,7.326702235,7.498070866,7.669439497,7.840808128,8.012176759
CPTX,7TTX,3.65094058,3.65094058,3.65094058,3.65094058,3.90918131,4.16742204,4.42566277,5.252891804,6.080120838,6.907349872,7.734578906,8.56180794,9.572305752,10.58280356,11.59330138,12.60379919,13.614297,14.79053846,15.96677992,17.14302138,18.31926284,19.4955043,20.08362503,20.67174576,21.25986649,21.84798722,22.43610795,23.02422868,23.61234941,24.20047014,24.78859087,25.3767116,25.96483233,26.55295306,27.14107379,27.72919452,28.31731525,28.90543598,29.49355671,30.08167744,30.66979817
CPUT,7TUT,0.37844476,0.37844476,0.37844476,0.37844476,0.380166267,0.381887773,0.38360928,0.38027535,0.37694142,0.37360749,0.37027356,0.36693963,0.367677584,0.368415538,0.369153492,0.369891446,0.3706294,0.371130626,0.371631852,0.372133078,0.372634304,0.37313553,0.373386143,0.373636756,0.373887369,0.374137982,0.374388595,0.374639208,0.374889821,0.375140434,0.375391047,0.37564166,0.375892273,0.376142886,0.376393499,0.376644112,0.376894725,0.377145338,0.377395951,0.377646564,0.377897177
CPVT,7TVT,0.05321759,0.05321759,0.05321759,0.05321759,0.054382713,0.055547837,0.05671296,0.060747682,0.064782404,0.068817126,0.072851848,0.07688657,0.08570833,0.09453009,0.10335185,0.11217361,0.12099537,0.125340278,0.129685186,0.134030094,0.138375002,0.14271991,0.144892364,0.147064818,0.149237272,0.151409726,0.15358218,0.155754634,0.157927088,0.160099542,0.162271996,0.16444445,0.166616904,0.168789358,0.170961812,0.173134266,0.17530672,0.177479174,0.179651628,0.181824082,0.183996536
CPVA,7TVA,0.71632296,0.71632296,0.71632296,0.71632296,0.756099147,0.795875333,0.83565152,0.969241784,1.102832048,1.236422312,1.370012576,1.50360284,1.57478354,1.64596424,1.71714494,1.78832564,1.85950634,2.04872488,2.23794342,2.42716196,2.6163805,2.80559904,2.90020831,2.99481758,3.08942685,3.18403612,3.27864539,3.37325466,3.46786393,3.5624732,3.65708247,3.75169174,3.84630101,3.94091028,4.03551955,4.13012882,4.22473809,4.31934736,4.41395663,4.5085659,4.60317517
CPWA,7TWA,1.16664885,1.16664885,1.16664885,1.16664885,1.172819747,1.178990643,1.18516154,1.186746916,1.188332292,1.189917668,1.191503044,1.19308842,1.198645008,1.204201596,1.209758184,1.215314772,1.22087136,1.227356478,1.233841596,1.240326714,1.246811832,1.25329695,1.256539509,1.259782068,1.263024627,1.266267186,1.269509745,1.272752304,1.275994863,1.279237422,1.282479981,1.28572254,1.288965099,1.292207658,1.295450217,1.298692776,1.301935335,1.305177894,1.308420453,1.311663012,1.314905571
CPWV,7TWV,0.14710359,0.14710359,0.14710359,0.14710359,0.156620243,0.166136897,0.17565355,0.215696502,0.255739454,0.295782406,0.335825358,0.37586831,0.415434296,0.455000282,0.494566268,0.534132254,0.57369824,0.628856846,0.684015452,0.739174058,0.794332664,0.84949127,0.877070573,0.904649876,0.932229179,0.959808482,0.987387785,1.014967088,1.042546391,1.070125694,1.097704997,1.1252843,1.152863603,1.180442906,1.208022209,1.235601512,1.263180815,1.290760118,1.318339421,1.345918724,1.373498027
CPWI,7TWI,3.06892532,3.06892532,3.06892532,3.06892532,3.107681687,3.146438053,3.18519442,3.32527604,3.46535766,3.60543928,3.7455209,3.88560252,4.142967284,4.400332048,4.657696812,4.915061576,5.17242634,5.565460326,5.958494312,6.351528298,6.744562284,7.13759627,7.334113263,7.530630256,7.727147249,7.923664242,8.120181235,8.316698228,8.513215221,8.709732214,8.906249207,9.1027662,9.299283193,9.495800186,9.692317179,9.888834172,10.08535117,10.28186816,10.47838515,10.67490214,10.87141914
CPWY,7TWY,0.39887144,0.39887144,0.39887144,0.39887144,0.40023704,0.40160264,0.40296824,0.399464738,0.395961236,0.392457734,0.388954232,0.38545073,0.387344424,0.389238118,0.391131812,0.393025506,0.3949192,0.396005994,0.397092788,0.398179582,0.399266376,0.40035317,0.400896567,0.401439964,0.401983361,0.402526758,0.403070155,0.403613552,0.404156949,0.404700346,0.405243743,0.40578714,0.406330537,0.406873934,0.407417331,0.407960728,0.408504125,0.409047522,0.409590919,0.410134316,0.410677713
CPAL,8TAL,1.1328125,1.1328125,1.1328125,1.1328125,1.13791281,1.14301312,1.14811343,1.152585652,1.157057874,1.161530096,1.166002318,1.17047454,1.173659724,1.176844908,1.180030092,1.183215276,1.18640046,1.188849534,1.191298608,1.193747682,1.196196756,1.19864583,1.199870367,1.201094904,1.202319441,1.203543978,1.204768515,1.205993052,1.207217589,1.208442126,1.209666663,1.2108912,1.212115737,1.213340274,1.214564811,1.215789348,1.217013885,1.218238422,1.219462959,1.220687496,1.221912033
CPAZ,8TAZ,0.20866898,0.20866898,0.20866898,0.20866898,0.20880787,0.20894676,0.20908565,0.209236112,0.209386574,0.209537036,0.209687498,0.20983796,0.209990738,0.210143516,0.210296294,0.210449072,0.21060185,0.210754628,0.210907406,0.211060184,0.211212962,0.21136574,0.211442129,0.211518518,0.211594907,0.211671296,0.211747685,0.211824074,0.211900463,0.211976852,0.212053241,0.21212963,0.212206019,0.212282408,0.212358797,0.212435186,0.212511575,0.212587964,0.212664353,0.212740742,0.212817131
CPAR,8TAR,0.89662037,0.89662037,0.89662037,0.89662037,0.89861111,0.90060185,0.90259259,0.904254628,0.905916666,0.907578704,0.909240742,0.91090278,0.91171065,0.91251852,0.91332639,0.91413426,0.91494213,0.91537037,0.91579861,0.91622685,0.91665509,0.91708333,0.91729745,0.91751157,0.91772569,0.91793981,0.91815393,0.91836805,0.91858217,0.91879629,0.91901041,0.91922453,0.91943865,0.91965277,0.91986689,0.92008101,0.92029513,0.92050925,0.92072337,0.92093749,0.92115161
CPCA,8TCA,0.65174769,0.65174769,0.65174769,0.65174769,0.65281636,0.65388503,0.6549537,0.655555552,0.656157404,0.656759256,0.657361108,0.65796296,0.657678238,0.657393516,0.657108794,0.656824072,0.65653935,0.65584722,0.65515509,0.65446296,0.65377083,0.6530787,0.652732635,0.65238657,0.652040505,0.65169444,0.651348375,0.65100231,0.650656245,0.65031018,0.649964115,0.64961805,0.649271985,0.64892592,0.648579855,0.64823379,0.647887725,0.64754166,0.647195595,0.64684953,0.646503465
CPCO,8TCO,0.15206019,0.15206019,0.15206019,0.15206019,0.152160497,0.152260803,0.15236111,0.152456018,0.152550926,0.152645834,0.152740742,0.15283565,0.152939816,0.153043982,0.153148148,0.153252314,0.15335648,0.153451388,0.153546296,0.153641204,0.153736112,0.15383102,0.153878474,0.153925928,0.153973382,0.154020836,0.15406829,0.154115744,0.154163198,0.154210652,0.154258106,0.15430556,0.154353014,0.154400468,0.154447922,0.154495376,0.15454283,0.154590284,0.154637738,0.154685192,0.154732646
CPCT,8TCT,0.00689815,0.00689815,0.00689815,0.00689815,0.006909723,0.006921297,0.00693287,0.00693287,0.00693287,0.00693287,0.00693287,0.00693287,0.00693287,0.00693287,0.00693287,0.00693287,0.00693287,0.0069375,0.00694213,0.00694676,0.00695139,0.00695602,0.006958335,0.00696065,0.006962965,0.00696528,0.006967595,0.00696991,0.006972225,0.00697454,0.006976855,0.00697917,0.006981485,0.0069838,0.006986115,0.00698843,0.006990745,0.00699306,0.006995375,0.00699769,0.007000005
CPDE,8TDE,0.01900463,0.01900463,0.01900463,0.01900463,0.01892361,0.01884259,0.01876157,0.01869907,0.01863657,0.01857407,0.01851157,0.01844907,0.01840509,0.01836111,0.01831713,0.01827315,0.01822917,0.018201392,0.018173614,0.018145836,0.018118058,0.01809028,0.018076391,0.018062502,0.018048613,0.018034724,0.018020835,0.018006946,0.017993057,0.017979168,0.017965279,0.01795139,0.017937501,0.017923612,0.017909723,0.017895834,0.017881945,0.017868056,0.017854167,0.017840278,0.017826389
CPFL,8TFL,0.57484954,0.57484954,0.57484954,0.57484954,0.581026237,0.587202933,0.59337963,0.598592592,0.603805554,0.609018516,0.614231478,0.61944444,0.622481478,0.625518516,0.628555554,0.631592592,0.63462963,0.636680556,0.638731482,0.640782408,0.642833334,0.64488426,0.645909723,0.646935186,0.647960649,0.648986112,0.650011575,0.651037038,0.652062501,0.653087964,0.654113427,0.65513889,0.656164353,0.657189816,0.658215279,0.659240742,0.660266205,0.661291668,0.662317131,0.663342594,0.664368057
CPGA,8TGA,1.53024306,1.53024306,1.53024306,1.53024306,1.54334877,1.55645448,1.56956019,1.580405096,1.591250002,1.602094908,1.612939814,1.62378472,1.629425924,1.635067128,1.640708332,1.646349536,1.65199074,1.655460648,1.658930556,1.662400464,1.665870372,1.66934028,1.671075234,1.672810188,1.674545142,1.676280096,1.67801505,1.679750004,1.681484958,1.683219912,1.684954866,1.68668982,1.688424774,1.690159728,1.691894682,1.693629636,1.69536459,1.697099544,1.698834498,1.700569452,1.702304406
CPID,8TID,0.24188657,0.24188657,0.24188657,0.24188657,0.24148148,0.24107639,0.2406713,0.24034028,0.24000926,0.23967824,0.23934722,0.2390162,0.238918978,0.238821756,0.238724534,0.238627312,0.23853009,0.238532406,0.238534722,0.238537038,0.238539354,0.23854167,0.238542828,0.238543986,0.238545144,0.238546302,0.23854746,0.238548618,0.238549776,0.238550934,0.238552092,0.23855325,0.238554408,0.238555566,0.238556724,0.238557882,0.23855904,0.238560198,0.238561356,0.238562514,0.238563672
CPIL,8TIL,0.16763889,0.16763889,0.16763889,0.16763889,0.167943673,0.168248457,0.16855324,0.168868054,0.169182868,0.169497682,0.169812496,0.17012731,0.170418978,0.170710646,0.171002314,0.171293982,0.17158565,0.17188426,0.17218287,0.17248148,0.17278009,0.1730787,0.173228005,0.17337731,0.173526615,0.17367592,0.173825225,0.17397453,0.174123835,0.17427314,0.174422445,0.17457175,0.174721055,0.17487036,0.175019665,0.17516897,0.175318275,0.17546758,0.175616885,0.17576619,0.175915495
CPIN,8TIN,0.26840278,0.26840278,0.26840278,0.26840278,0.268738427,0.269074073,0.26940972,0.26986111,0.2703125,0.27076389,0.27121528,0.27166667,0.27203704,0.27240741,0.27277778,0.27314815,0.27351852,0.273895834,0.274273148,0.274650462,0.275027776,0.27540509,0.275593747,0.275782404,0.275971061,0.276159718,0.276348375,0.276537032,0.276725689,0.276914346,0.277103003,0.27729166,0.277480317,0.277668974,0.277857631,0.278046288,0.278234945,0.278423602,0.278612259,0.278800916,0.278989573
CPIA,8TIA,0.05877315,0.05877315,0.05877315,0.05877315,0.058861883,0.058950617,0.05903935,0.05911574,0.05919213,0.05926852,0.05934491,0.0594213,0.059509262,0.059597224,0.059685186,0.059773148,0.05986111,0.059939814,0.060018518,0.060097222,0.060175926,0.06025463,0.060293982,0.060333334,0.060372686,0.060412038,0.06045139,0.060490742,0.060530094,0.060569446,0.060608798,0.06064815,0.060687502,0.060726854,0.060766206,0.060805558,0.06084491,0.060884262,0.060923614,0.060962966,0.061002318
CPKS,8TKS,0.01516204,0.01516204,0.01516204,0.01516204,0.015169757,0.015177473,0.01518519,0.015203708,0.015222226,0.015240744,0.015259262,0.01527778,0.015300928,0.015324076,0.015347224,0.015370372,0.01539352,0.015418982,0.015444444,0.015469906,0.015495368,0.01552083,0.015533561,0.015546292,0.015559023,0.015571754,0.015584485,0.015597216,0.015609947,0.015622678,0.015635409,0.01564814,0.015660871,0.015673602,0.015686333,0.015699064,0.015711795,0.015724526,0.015737257,0.015749988,0.015762719
CPKY,8TKY,0.6124537,0.6124537,0.6124537,0.6124537,0.612156633,0.611859567,0.6115625,0.611138888,0.610715276,0.610291664,0.609868052,0.60944444,0.608652774,0.607861108,0.607069442,0.606277776,0.60548611,0.60455324,0.60362037,0.6026875,0.60175463,0.60082176,0.600355325,0.59988889,0.599422455,0.59895602,0.598489585,0.59802315,0.597556715,0.59709028,0.596623845,0.59615741,0.595690975,0.59522454,0.594758105,0.59429167,0.593825235,0.5933588,0.592892365,0.59242593,0.591959495
CPLA,8TLA,1.2034375,1.2034375,1.2034375,1.2034375,1.20851466,1.21359182,1.21866898,1.223087962,1.227506944,1.231925926,1.236344908,1.24076389,1.243807872,1.246851854,1.249895836,1.252939818,1.2559838,1.258303244,1.260622688,1.262942132,1.265261576,1.26758102,1.268740742,1.269900464,1.271060186,1.272219908,1.27337963,1.274539352,1.275699074,1.276858796,1.278018518,1.27917824,1.280337962,1.281497684,1.282657406,1.283817128,1.28497685,1.286136572,1.287296294,1.288456016,1.289615738
CPME,8TME,1.00635417,1.00635417,1.00635417,1.00635417,1.00422068,1.00208719,0.9999537,0.998268516,0.996583332,0.994898148,0.993212964,0.99152778,0.990821762,0.990115744,0.989409726,0.988703708,0.98799769,0.987731486,0.987465282,0.987199078,0.986932874,0.98666667,0.986533568,0.986400466,0.986267364,0.986134262,0.98600116,0.985868058,0.985734956,0.985601854,0.985468752,0.98533565,0.985202548,0.985069446,0.984936344,0.984803242,0.98467014,0.984537038,0.984403936,0.984270834,0.984137732
CPMD,8TMD,0.10016204,0.10016204,0.10016204,0.10016204,0.100077163,0.099992287,0.09990741,0.099847224,0.099787038,0.099726852,0.099666666,0.09960648,0.09960185,0.09959722,0.09959259,0.09958796,0.09958333,0.099624998,0.099666666,0.099708334,0.099750002,0.09979167,0.099812504,0.099833338,0.099854172,0.099875006,0.09989584,0.099916674,0.099937508,0.099958342,0.099979176,0.10000001,0.100020844,0.100041678,0.100062512,0.100083346,0.10010418,0.100125014,0.100145848,0.100166682,0.100187516
CPMA,8TMA,0.03483796,0.03483796,0.03483796,0.03483796,0.03474151,0.03464506,0.03454861,0.034444444,0.034340278,0.034236112,0.034131946,0.03402778,0.033993058,0.033958336,0.033923614,0.033888892,0.03385417,0.033817132,0.033780094,0.033743056,0.033706018,0.03366898,0.033650461,0.033631942,0.033613423,0.033594904,0.033576385,0.033557866,0.033539347,0.033520828,0.033502309,0.03348379,0.033465271,0.033446752,0.033428233,0.033409714,0.033391195,0.033372676,0.033354157,0.033335638,0.033317119
CPMI,8TMI,0.46135417,0.46135417,0.46135417,0.46135417,0.462511577,0.463668983,0.46482639,0.465787038,0.466747686,0.467708334,0.468668982,0.46962963,0.470273148,0.470916666,0.471560184,0.472203702,0.47284722,0.473381942,0.473916664,0.474451386,0.474986108,0.47552083,0.475788191,0.476055552,0.476322913,0.476590274,0.476857635,0.477124996,0.477392357,0.477659718,0.477927079,0.47819444,0.478461801,0.478729162,0.478996523,0.479263884,0.479531245,0.479798606,0.480065967,0.480333328,0.480600689
CPMN,8TMN,0.50827546,0.50827546,0.50827546,0.50827546,0.50966435,0.51105324,0.51244213,0.51362963,0.51481713,0.51600463,0.51719213,0.51837963,0.51920139,0.52002315,0.52084491,0.52166667,0.52248843,0.523115744,0.523743058,0.524370372,0.524997686,0.525625,0.525938657,0.526252314,0.526565971,0.526879628,0.527193285,0.527506942,0.527820599,0.528134256,0.528447913,0.52876157,0.529075227,0.529388884,0.529702541,0.530016198,0.530329855,0.530643512,0.530957169,0.531270826,0.531584483
CPMS,8TMS,1.42425926,1.42425926,1.42425926,1.42425926,1.43060957,1.43695988,1.44331019,1.448918986,1.454527782,1.460136578,1.465745374,1.47135417,1.475185188,1.479016206,1.482847224,1.486678242,1.49050926,1.493548612,1.496587964,1.499627316,1.502666668,1.50570602,1.507225696,1.508745372,1.510265048,1.511784724,1.5133044,1.514824076,1.516343752,1.517863428,1.519383104,1.52090278,1.522422456,1.523942132,1.525461808,1.526981484,1.52850116,1.530020836,1.531540512,1.533060188,1.534579864
CPMO,8TMO,0.47253472,0.47253472,0.47253472,0.47253472,0.473379627,0.474224533,0.47506944,0.475787034,0.476504628,0.477222222,0.477939816,0.47865741,0.479314816,0.479972222,0.480629628,0.481287034,0.48194444,0.482613422,0.483282404,0.483951386,0.484620368,0.48528935,0.485623841,0.485958332,0.486292823,0.486627314,0.486961805,0.487296296,0.487630787,0.487965278,0.488299769,0.48863426,0.488968751,0.489303242,0.489637733,0.489972224,0.490306715,0.490641206,0.490975697,0.491310188,0.491644679
CPMT,8TMT,0.22506944,0.22506944,0.22506944,0.22506944,0.224656633,0.224243827,0.22383102,0.22352315,0.22321528,0.22290741,0.22259954,0.22229167,0.222192132,0.222092594,0.221993056,0.221893518,0.22179398,0.22179398,0.22179398,0.22179398,0.22179398,0.22179398,0.22179398,0.22179398,0.22179398,0.22179398,0.22179398,0.22179398,0.22179398,0.22179398,0.22179398,0.22179398,0.22179398,0.22179398,0.22179398,0.22179398,0.22179398,0.22179398,0.22179398,0.22179398,0.22179398
CPNE,8TNE,0.01265046,0.01265046,0.01265046,0.01265046,0.012665893,0.012681327,0.01269676,0.012712964,0.012729168,0.012745372,0.012761576,0.01277778,0.012800928,0.012824076,0.012847224,0.012870372,0.01289352,0.012909724,0.012925928,0.012942132,0.012958336,0.01297454,0.012982642,0.012990744,0.012998846,0.013006948,0.01301505,0.013023152,0.013031254,0.013039356,0.013047458,0.01305556,0.013063662,0.013071764,0.013079866,0.013087968,0.01309607,0.013104172,0.013112274,0.013120376,0.013128478
CPNV,8TNV,0.08414352,0.08414352,0.08414352,0.08414352,0.084151237,0.084158953,0.08416667,0.084175928,0.084185186,0.084194444,0.084203702,0.08421296,0.084219906,0.084226852,0.084233798,0.084240744,0.08424769,0.084254634,0.084261578,0.084268522,0.084275466,0.08428241,0.084285882,0.084289354,0.084292826,0.084296298,0.08429977,0.084303242,0.084306714,0.084310186,0.084313658,0.08431713,0.084320602,0.084324074,0.084327546,0.084331018,0.08433449,0.084337962,0.084341434,0.084344906,0.084348378
CPNH,8TNH,0.15502315,0.15502315,0.15502315,0.15502315,0.154841823,0.154660497,0.15447917,0.154391206,0.154303242,0.154215278,0.154127314,0.15403935,0.154027776,0.154016202,0.154004628,0.153993054,0.15398148,0.154020832,0.154060184,0.154099536,0.154138888,0.15417824,0.154197916,0.154217592,0.154237268,0.154256944,0.15427662,0.154296296,0.154315972,0.154335648,0.154355324,0.154375,0.154394676,0.154414352,0.154434028,0.154453704,0.15447338,0.154493056,0.154512732,0.154532408,0.154552084
CPNJ,8TNJ,0.00400463,0.00400463,0.00400463,0.00400463,0.004008487,0.004012343,0.0040162,0.004013886,0.004011572,0.004009258,0.004006944,0.00400463,0.00400463,0.00400463,0.00400463,0.00400463,0.00400463,0.004002316,0.004000002,0.003997688,0.003995374,0.00399306,0.003991903,0.003990746,0.003989589,0.003988432,0.003987275,0.003986118,0.003984961,0.003983804,0.003982647,0.00398149,0.003980333,0.003979176,0.003978019,0.003976862,0.003975705,0.003974548,0.003973391,0.003972234,0.003971077
CPNM,8TNM,0.16775463,0.16775463,0.16775463,0.16775463,0.16791281,0.16807099,0.16822917,0.168377318,0.168525466,0.168673614,0.168821762,0.16896991,0.16914352,0.16931713,0.16949074,0.16966435,0.16983796,0.170009256,0.170180552,0.170351848,0.170523144,0.17069444,0.170780088,0.170865736,0.170951384,0.171037032,0.17112268,0.171208328,0.171293976,0.171379624,0.171465272,0.17155092,0.171636568,0.171722216,0.171807864,0.171893512,0.17197916,0.172064808,0.172150456,0.172236104,0.172321752
CPNY,8TNY,0.44172454,0.44172454,0.44172454,0.44172454,0.441250003,0.440775467,0.44030093,0.439939818,0.439578706,0.439217594,0.438856482,0.43849537,0.438347222,0.438199074,0.438050926,0.437902778,0.43775463,0.437803242,0.437851854,0.437900466,0.437949078,0.43799769,0.438021996,0.438046302,0.438070608,0.438094914,0.43811922,0.438143526,0.438167832,0.438192138,0.438216444,0.43824075,0.438265056,0.438289362,0.438313668,0.438337974,0.43836228,0.438386586,0.438410892,0.438435198,0.438459504
CPNC,8TNC,1.12541667,1.12541667,1.12541667,1.12541667,1.131130403,1.136844137,1.14255787,1.147037036,1.151516202,1.155995368,1.160474534,1.1649537,1.166921294,1.168888888,1.170856482,1.172824076,1.17479167,1.175608798,1.176425926,1.177243054,1.178060182,1.17887731,1.179285874,1.179694438,1.180103002,1.180511566,1.18092013,1.181328694,1.181737258,1.182145822,1.182554386,1.18296295,1.183371514,1.183780078,1.184188642,1.184597206,1.18500577,1.185414334,1.185822898,1.186231462,1.186640026
CPND,8TND,0.00524306,0.00524306,0.00524306,0.00524306,0.00524306,0.00524306,0.00524306,0.005247688,0.005252316,0.005256944,0.005261572,0.0052662,0.00527083,0.00527546,0.00528009,0.00528472,0.00528935,0.00528935,0.00528935,0.00528935,0.00528935,0.00528935,0.00528935,0.00528935,0.00528935,0.00528935,0.00528935,0.00528935,0.00528935,0.00528935,0.00528935,0.00528935,0.00528935,0.00528935,0.00528935,0.00528935,0.00528935,0.00528935,0.00528935,0.00528935,0.00528935
CPOH,8TOH,0.19905093,0.19905093,0.19905093,0.19905093,0.199413583,0.199776237,0.20013889,0.200432872,0.200726854,0.201020836,0.201314818,0.2016088,0.201884262,0.202159724,0.202435186,0.202710648,0.20298611,0.20324074,0.20349537,0.20375,0.20400463,0.20425926,0.204386575,0.20451389,0.204641205,0.20476852,0.204895835,0.20502315,0.205150465,0.20527778,0.205405095,0.20553241,0.205659725,0.20578704,0.205914355,0.20604167,0.206168985,0.2062963,0.206423615,0.20655093,0.206678245
CPOK,8TOK,0.17778935,0.17778935,0.17778935,0.17778935,0.178719133,0.179648917,0.1805787,0.18140509,0.18223148,0.18305787,0.18388426,0.18471065,0.185358798,0.186006946,0.186655094,0.187303242,0.18795139,0.188462964,0.188974538,0.189486112,0.189997686,0.19050926,0.190765047,0.191020834,0.191276621,0.191532408,0.191788195,0.192043982,0.192299769,0.192555556,0.192811343,0.19306713,0.193322917,0.193578704,0.193834491,0.194090278,0.194346065,0.194601852,0.194857639,0.195113426,0.195369213
CPOR,8TOR,1.2484838,1.2484838,1.2484838,1.2484838,1.25035494,1.25222608,1.25409722,1.25653009,1.25896296,1.26139583,1.2638287,1.26626157,1.269858794,1.273456018,1.277053242,1.280650466,1.28424769,1.288398152,1.292548614,1.296699076,1.300849538,1.305,1.307075231,1.309150462,1.311225693,1.313300924,1.315376155,1.317451386,1.319526617,1.321601848,1.323677079,1.32575231,1.327827541,1.329902772,1.331978003,1.334053234,1.336128465,1.338203696,1.340278927,1.342354158,1.344429389
CPPA,8TPA,0.64880787,0.64880787,0.64880787,0.64880787,0.64939429,0.64998071,0.65056713,0.651168982,0.651770834,0.652372686,0.652974538,0.65357639,0.65420602,0.65483565,0.65546528,0.65609491,0.65672454,0.657421298,0.658118056,0.658814814,0.659511572,0.66020833,0.660556709,0.660905088,0.661253467,0.661601846,0.661950225,0.662298604,0.662646983,0.662995362,0.663343741,0.66369212,0.664040499,0.664388878,0.664737257,0.665085636,0.665434015,0.665782394,0.666130773,0.666479152,0.666827531
CPRI,8TRI,0.00171296,0.00171296,0.00171296,0.00171296,0.00171296,0.00171296,0.00171296,0.00171296,0.00171296,0.00171296,0.00171296,0.00171296,0.00170833,0.0017037,0.00169907,0.00169444,0.00168981,0.00168981,0.00168981,0.00168981,0.00168981,0.00168981,0.00168981,0.00168981,0.00168981,0.00168981,0.00168981,0.00168981,0.00168981,0.00168981,0.00168981,0.00168981,0.00168981,0.00168981,0.00168981,0.00168981,0.00168981,0.00168981,0.00168981,0.00168981,0.00168981
CPSC,8TSC,0.74349537,0.74349537,0.74349537,0.74349537,0.749340277,0.755185183,0.76103009,0.765777776,0.770525462,0.775273148,0.780020834,0.78476852,0.787275464,0.789782408,0.792289352,0.794796296,0.79730324,0.798768518,0.800233796,0.801699074,0.803164352,0.80462963,0.805362269,0.806094908,0.806827547,0.807560186,0.808292825,0.809025464,0.809758103,0.810490742,0.811223381,0.81195602,0.812688659,0.813421298,0.814153937,0.814886576,0.815619215,0.816351854,0.817084493,0.817817132,0.818549771
CPSD,8TSD,0.02640046,0.02640046,0.02640046,0.02640046,0.026651233,0.026902007,0.02715278,0.027400464,0.027648148,0.027895832,0.028143516,0.0283912,0.028652774,0.028914348,0.029175922,0.029437496,0.02969907,0.02996296,0.03022685,0.03049074,0.03075463,0.03101852,0.031150465,0.03128241,0.031414355,0.0315463,0.031678245,0.03181019,0.031942135,0.03207408,0.032206025,0.03233797,0.032469915,0.03260186,0.032733805,0.03286575,0.032997695,0.03312964,0.033261585,0.03339353,0.033525475
CPTN,8TTN,0.47028935,0.47028935,0.47028935,0.47028935,0.470686727,0.471084103,0.47148148,0.471652776,0.471824072,0.471995368,0.472166664,0.47233796,0.472310182,0.472282404,0.472254626,0.472226848,0.47219907,0.471993052,0.471787034,0.471581016,0.471374998,0.47116898,0.471065971,0.470962962,0.470859953,0.470756944,0.470653935,0.470550926,0.470447917,0.470344908,0.470241899,0.47013889,0.470035881,0.469932872,0.469829863,0.469726854,0.469623845,0.469520836,0.469417827,0.469314818,0.469211809
CPTX,8TTX,1.00486111,1.00486111,1.00486111,1.00486111,1.008128857,1.011396603,1.01466435,1.01754398,1.02042361,1.02330324,1.02618287,1.0290625,1.03124074,1.03341898,1.03559722,1.03777546,1.0399537,1.041763886,1.043574072,1.045384258,1.047194444,1.04900463,1.049909723,1.050814816,1.051719909,1.052625002,1.053530095,1.054435188,1.055340281,1.056245374,1.057150467,1.05805556,1.058960653,1.059865746,1.060770839,1.061675932,1.062581025,1.063486118,1.064391211,1.065296304,1.066201397
CPUT,8TUT,0.16802083,0.16802083,0.16802083,0.16802083,0.168067127,0.168113423,0.16815972,0.168187498,0.168215276,0.168243054,0.168270832,0.16829861,0.168340276,0.168381942,0.168423608,0.168465274,0.16850694,0.168539348,0.168571756,0.168604164,0.168636572,0.16866898,0.168685184,0.168701388,0.168717592,0.168733796,0.16875,0.168766204,0.168782408,0.168798612,0.168814816,0.16883102,0.168847224,0.168863428,0.168879632,0.168895836,0.16891204,0.168928244,0.168944448,0.168960652,0.168976856
CPVT,8TVT,0.11570602,0.11570602,0.11570602,0.11570602,0.11552855,0.11535108,0.11517361,0.11504398,0.11491435,0.11478472,0.11465509,0.11452546,0.11446296,0.11440046,0.11433796,0.11427546,0.11421296,0.114199072,0.114185184,0.114171296,0.114157408,0.11414352,0.114136576,0.114129632,0.114122688,0.114115744,0.1141088,0.114101856,0.114094912,0.114087968,0.114081024,0.11407408,0.114067136,0.114060192,0.114053248,0.114046304,0.11403936,0.114032416,0.114025472,0.114018528,0.114011584
CPVA,8TVA,0.8405787,0.8405787,0.8405787,0.8405787,0.84311728,0.84565586,0.84819444,0.849997682,0.851800924,0.853604166,0.855407408,0.85721065,0.857548612,0.857886574,0.858224536,0.858562498,0.85890046,0.858634256,0.858368052,0.858101848,0.857835644,0.85756944,0.857436338,0.857303236,0.857170134,0.857037032,0.85690393,0.856770828,0.856637726,0.856504624,0.856371522,0.85623842,0.856105318,0.855972216,0.855839114,0.855706012,0.85557291,0.855439808,0.855306706,0.855173604,0.855040502
CPWA,8TWA,1.10252315,1.10252315,1.10252315,1.10252315,1.104077933,1.105632717,1.1071875,1.109277778,1.111368056,1.113458334,1.115548612,1.11763889,1.12070602,1.12377315,1.12684028,1.12990741,1.13297454,1.136500002,1.140025464,1.143550926,1.147076388,1.15060185,1.152364581,1.154127312,1.155890043,1.157652774,1.159415505,1.161178236,1.162940967,1.164703698,1.166466429,1.16822916,1.169991891,1.171754622,1.173517353,1.175280084,1.177042815,1.178805546,1.180568277,1.182331008,1.184093739
CPWV,8TWV,0.49355324,0.49355324,0.49355324,0.49355324,0.494135803,0.494718367,0.49530093,0.495877318,0.496453706,0.497030094,0.497606482,0.49818287,0.498770834,0.499358798,0.499946762,0.500534726,0.50112269,0.501736114,0.502349538,0.502962962,0.503576386,0.50418981,0.504496522,0.504803234,0.505109946,0.505416658,0.50572337,0.506030082,0.506336794,0.506643506,0.506950218,0.50725693,0.507563642,0.507870354,0.508177066,0.508483778,0.50879049,0.509097202,0.509403914,0.509710626,0.510017338
CPWI,8TWI,0.70545139,0.70545139,0.70545139,0.70545139,0.70697531,0.70849923,0.71002315,0.711418982,0.712814814,0.714210646,0.715606478,0.71700231,0.717986108,0.718969906,0.719953704,0.720937502,0.7219213,0.722881948,0.723842596,0.724803244,0.725763892,0.72672454,0.727204864,0.727685188,0.728165512,0.728645836,0.72912616,0.729606484,0.730086808,0.730567132,0.731047456,0.73152778,0.732008104,0.732488428,0.732968752,0.733449076,0.7339294,0.734409724,0.734890048,0.735370372,0.735850696
CPWY,8TWY,0.03045139,0.03045139,0.03045139,0.03045139,0.03064429,0.03083719,0.03103009,0.031238424,0.031446758,0.031655092,0.031863426,0.03207176,0.03226389,0.03245602,0.03264815,0.03284028,0.03303241,0.033236114,0.033439818,0.033643522,0.033847226,0.03405093,0.034152782,0.034254634,0.034356486,0.034458338,0.03456019,0.034662042,0.034763894,0.034865746,0.034967598,0.03506945,0.035171302,0.035273154,0.035375006,0.035476858,0.03557871,0.035680562,0.035782414,0.035884266,0.035986118
CPAL,9TAL,0.36600694,0.36600694,0.36600694,0.36600694,0.37532407,0.3846412,0.39395833,0.404874998,0.415791666,0.426708334,0.437625002,0.44854167,0.463821762,0.479101854,0.494381946,0.509662038,0.52494213,0.542414352,0.559886574,0.577358796,0.594831018,0.61230324,0.621039351,0.629775462,0.638511573,0.647247684,0.655983795,0.664719906,0.673456017,0.682192128,0.690928239,0.69966435,0.708400461,0.717136572,0.725872683,0.734608794,0.743344905,0.752081016,0.760817127,0.769553238,0.778289349
CPAZ,9TAZ,0.14052083,0.14052083,0.14052083,0.14052083,0.143364197,0.146207563,0.14905093,0.151851856,0.154652782,0.157453708,0.160254634,0.16305556,0.165807874,0.168560188,0.171312502,0.174064816,0.17681713,0.179604166,0.182391202,0.185178238,0.187965274,0.19075231,0.192145828,0.193539346,0.194932864,0.196326382,0.1977199,0.199113418,0.200506936,0.201900454,0.203293972,0.20468749,0.206081008,0.207474526,0.208868044,0.210261562,0.21165508,0.213048598,0.214442116,0.215835634,0.217229152
CPAR,9TAR,0.81091435,0.81091435,0.81091435,0.81091435,0.82948688,0.84805941,0.86663194,0.886685182,0.906738424,0.926791666,0.946844908,0.96689815,0.99119676,1.01549537,1.03979398,1.06409259,1.0883912,1.11490509,1.14141898,1.16793287,1.19444676,1.22096065,1.234217595,1.24747454,1.260731485,1.27398843,1.287245375,1.30050232,1.313759265,1.32701621,1.340273155,1.3535301,1.366787045,1.38004399,1.393300935,1.40655788,1.419814825,1.43307177,1.446328715,1.45958566,1.472842605
CPCA,9TCA,1.25630787,1.25630787,1.25630787,1.25630787,1.26611497,1.27592207,1.28572917,1.29628241,1.30683565,1.31738889,1.32794213,1.33849537,1.351002314,1.363509258,1.376016202,1.388523146,1.40103009,1.414689812,1.428349534,1.442009256,1.455668978,1.4693287,1.476158561,1.482988422,1.489818283,1.496648144,1.503478005,1.510307866,1.517137727,1.523967588,1.530797449,1.53762731,1.544457171,1.551287032,1.558116893,1.564946754,1.571776615,1.578606476,1.585436337,1.592266198,1.599096059
CPCO,9TCO,0.10844907,0.10844907,0.10844907,0.10844907,0.110632713,0.112816357,0.115,0.117576388,0.120152776,0.122729164,0.125305552,0.12788194,0.130715274,0.133548608,0.136381942,0.139215276,0.14204861,0.144949074,0.147849538,0.150750002,0.153650466,0.15655093,0.158001162,0.159451394,0.160901626,0.162351858,0.16380209,0.165252322,0.166702554,0.168152786,0.169603018,0.17105325,0.172503482,0.173953714,0.175403946,0.176854178,0.17830441,0.179754642,0.181204874,0.182655106,0.184105338
CPCT,9TCT,0.04633102,0.04633102,0.04633102,0.04633102,0.046149693,0.045968367,0.04578704,0.045622688,0.045458336,0.045293984,0.045129632,0.04496528,0.044863428,0.044761576,0.044659724,0.044557872,0.04445602,0.044418982,0.044381944,0.044344906,0.044307868,0.04427083,0.044252311,0.044233792,0.044215273,0.044196754,0.044178235,0.044159716,0.044141197,0.044122678,0.044104159,0.04408564,0.044067121,0.044048602,0.044030083,0.044011564,0.043993045,0.043974526,0.043956007,0.043937488,0.043918969
CPDE,9TDE,0.07122685,0.07122685,0.07122685,0.07122685,0.073626543,0.076026237,0.07842593,0.081356484,0.084287038,0.087217592,0.090148146,0.0930787,0.097296294,0.101513888,0.105731482,0.109949076,0.11416667,0.119009262,0.123851854,0.128694446,0.133537038,0.13837963,0.140800926,0.143222222,0.145643518,0.148064814,0.15048611,0.152907406,0.155328702,0.157749998,0.160171294,0.16259259,0.165013886,0.167435182,0.169856478,0.172277774,0.17469907,0.177120366,0.179541662,0.181962958,0.184384254
CPFL,9TFL,0.48789352,0.48789352,0.48789352,0.48789352,0.492762347,0.497631173,0.5025,0.50743287,0.51236574,0.51729861,0.52223148,0.52716435,0.53266898,0.53817361,0.54367824,0.54918287,0.5546875,0.560594908,0.566502316,0.572409724,0.578317132,0.58422454,0.587178244,0.590131948,0.593085652,0.596039356,0.59899306,0.601946764,0.604900468,0.607854172,0.610807876,0.61376158,0.616715284,0.619668988,0.622622692,0.625576396,0.6285301,0.631483804,0.634437508,0.637391212,0.640344916
CPGA,9TGA,0.51420139,0.51420139,0.51420139,0.51420139,0.530524693,0.546847997,0.5631713,0.580997688,0.598824076,0.616650464,0.634476852,0.65230324,0.675296296,0.698289352,0.721282408,0.744275464,0.76726852,0.793048612,0.818828704,0.844608796,0.870388888,0.89616898,0.909059026,0.921949072,0.934839118,0.947729164,0.96061921,0.973509256,0.986399302,0.999289348,1.012179394,1.02506944,1.037959486,1.050849532,1.063739578,1.076629624,1.08951967,1.102409716,1.115299762,1.128189808,1.141079854
CPID,9TID,0.05943287,0.05943287,0.05943287,0.05943287,0.06013503,0.06083719,0.06153935,0.06242361,0.06330787,0.06419213,0.06507639,0.06596065,0.066953706,0.067946762,0.068939818,0.069932874,0.07092593,0.07191667,0.07290741,0.07389815,0.07488889,0.07587963,0.076375,0.07687037,0.07736574,0.07786111,0.07835648,0.07885185,0.07934722,0.07984259,0.08033796,0.08083333,0.0813287,0.08182407,0.08231944,0.08281481,0.08331018,0.08380555,0.08430092,0.08479629,0.08529166
CPIL,9TIL,0.24362269,0.24362269,0.24362269,0.24362269,0.244903553,0.246184417,0.24746528,0.249493058,0.251520836,0.253548614,0.255576392,0.25760417,0.260203706,0.262803242,0.265402778,0.268002314,0.27060185,0.273393518,0.276185186,0.278976854,0.281768522,0.28456019,0.285956024,0.287351858,0.288747692,0.290143526,0.29153936,0.292935194,0.294331028,0.295726862,0.297122696,0.29851853,0.299914364,0.301310198,0.302706032,0.304101866,0.3054977,0.306893534,0.308289368,0.309685202,0.311081036
CPIN,9TIN,0.16204861,0.16204861,0.16204861,0.16204861,0.16451003,0.16697145,0.16943287,0.172650462,0.175868054,0.179085646,0.182303238,0.18552083,0.18952546,0.19353009,0.19753472,0.20153935,0.20554398,0.209800924,0.214057868,0.218314812,0.222571756,0.2268287,0.228957172,0.231085644,0.233214116,0.235342588,0.23747106,0.239599532,0.241728004,0.243856476,0.245984948,0.24811342,0.250241892,0.252370364,0.254498836,0.256627308,0.25875578,0.260884252,0.263012724,0.265141196,0.267269668
CPIA,9TIA,0.37157407,0.37157407,0.37157407,0.37157407,0.381354163,0.391134257,0.40091435,0.413828702,0.426743054,0.439657406,0.452571758,0.46548611,0.480837962,0.496189814,0.511541666,0.526893518,0.54224537,0.557847222,0.573449074,0.589050926,0.604652778,0.62025463,0.628055556,0.635856482,0.643657408,0.651458334,0.65925926,0.667060186,0.674861112,0.682662038,0.690462964,0.69826389,0.706064816,0.713865742,0.721666668,0.729467594,0.73726852,0.745069446,0.752870372,0.760671298,0.768472224
CPKS,9TKS,0.13658565,0.13658565,0.13658565,0.13658565,0.13906636,0.14154707,0.14402778,0.147534724,0.151041668,0.154548612,0.158055556,0.1615625,0.165763888,0.169965276,0.174166664,0.178368052,0.18256944,0.186796292,0.191023144,0.195249996,0.199476848,0.2037037,0.205817126,0.207930552,0.210043978,0.212157404,0.21427083,0.216384256,0.218497682,0.220611108,0.222724534,0.22483796,0.226951386,0.229064812,0.231178238,0.233291664,0.23540509,0.237518516,0.239631942,0.241745368,0.243858794
CPKY,9TKY,0.12711806,0.12711806,0.12711806,0.12711806,0.129606483,0.132094907,0.13458333,0.137581016,0.140578702,0.143576388,0.146574074,0.14957176,0.153875,0.15817824,0.16248148,0.16678472,0.17108796,0.176037034,0.180986108,0.185935182,0.190884256,0.19583333,0.198307867,0.200782404,0.203256941,0.205731478,0.208206015,0.210680552,0.213155089,0.215629626,0.218104163,0.2205787,0.223053237,0.225527774,0.228002311,0.230476848,0.232951385,0.235425922,0.237900459,0.240374996,0.242849533
CPLA,9TLA,0.2997338,0.2997338,0.2997338,0.2997338,0.304139663,0.308545527,0.31295139,0.31738889,0.32182639,0.32626389,0.33070139,0.33513889,0.340175926,0.345212962,0.350249998,0.355287034,0.36032407,0.365759256,0.371194442,0.376629628,0.382064814,0.3875,0.390217593,0.392935186,0.395652779,0.398370372,0.401087965,0.403805558,0.406523151,0.409240744,0.411958337,0.41467593,0.417393523,0.420111116,0.422828709,0.425546302,0.428263895,0.430981488,0.433699081,0.436416674,0.439134267
CPME,9TME,0.02961806,0.02961806,0.02961806,0.02961806,0.02961806,0.02961806,0.02961806,0.029648152,0.029678244,0.029708336,0.029738428,0.02976852,0.029803242,0.029837964,0.029872686,0.029907408,0.02994213,0.03,0.03005787,0.03011574,0.03017361,0.03023148,0.030260415,0.03028935,0.030318285,0.03034722,0.030376155,0.03040509,0.030434025,0.03046296,0.030491895,0.03052083,0.030549765,0.0305787,0.030607635,0.03063657,0.030665505,0.03069444,0.030723375,0.03075231,0.030781245
CPMD,9TMD,0.15686343,0.15686343,0.15686343,0.15686343,0.160331793,0.163800157,0.16726852,0.171430556,0.175592592,0.179754628,0.183916664,0.1880787,0.193916664,0.199754628,0.205592592,0.211430556,0.21726852,0.223949076,0.230629632,0.237310188,0.243990744,0.2506713,0.254011578,0.257351856,0.260692134,0.264032412,0.26737269,0.270712968,0.274053246,0.277393524,0.280733802,0.28407408,0.287414358,0.290754636,0.294094914,0.297435192,0.30077547,0.304115748,0.307456026,0.310796304,0.314136582
CPMA,9TMA,0.08363426,0.08363426,0.08363426,0.08363426,0.083406637,0.083179013,0.08295139,0.082775464,0.082599538,0.082423612,0.082247686,0.08207176,0.08199537,0.08191898,0.08184259,0.0817662,0.08168981,0.08171296,0.08173611,0.08175926,0.08178241,0.08180556,0.081817135,0.08182871,0.081840285,0.08185186,0.081863435,0.08187501,0.081886585,0.08189816,0.081909735,0.08192131,0.081932885,0.08194446,0.081956035,0.08196761,0.081979185,0.08199076,0.082002335,0.08201391,0.082025485
CPMI,9TMI,0.17994213,0.17994213,0.17994213,0.17994213,0.18058642,0.18123071,0.181875,0.182851852,0.183828704,0.184805556,0.185782408,0.18675926,0.188048612,0.189337964,0.190627316,0.191916668,0.19320602,0.194689816,0.196173612,0.197657408,0.199141204,0.200625,0.201366898,0.202108796,0.202850694,0.203592592,0.20433449,0.205076388,0.205818286,0.206560184,0.207302082,0.20804398,0.208785878,0.209527776,0.210269674,0.211011572,0.21175347,0.212495368,0.213237266,0.213979164,0.214721062
CPMN,9TMN,0.25248843,0.25248843,0.25248843,0.25248843,0.25830633,0.26412423,0.26994213,0.27730787,0.28467361,0.29203935,0.29940509,0.30677083,0.315814812,0.324858794,0.333902776,0.342946758,0.35199074,0.36150463,0.37101852,0.38053241,0.3900463,0.39956019,0.404317135,0.40907408,0.413831025,0.41858797,0.423344915,0.42810186,0.432858805,0.43761575,0.442372695,0.44712964,0.451886585,0.45664353,0.461400475,0.46615742,0.470914365,0.47567131,0.480428255,0.4851852,0.489942145
CPMS,9TMS,0.35209491,0.35209491,0.35209491,0.35209491,0.361983027,0.371871143,0.38175926,0.39275463,0.40375,0.41474537,0.42574074,0.43673611,0.451064814,0.465393518,0.479722222,0.494050926,0.50837963,0.524481482,0.540583334,0.556685186,0.572787038,0.58888889,0.596939816,0.604990742,0.613041668,0.621092594,0.62914352,0.637194446,0.645245372,0.653296298,0.661347224,0.66939815,0.677449076,0.685500002,0.693550928,0.701601854,0.70965278,0.717703706,0.725754632,0.733805558,0.741856484
CPMO,9TMO,0.33716435,0.33716435,0.33716435,0.33716435,0.344324843,0.351485337,0.35864583,0.366606478,0.374567126,0.382527774,0.390488422,0.39844907,0.407879626,0.417310182,0.426740738,0.436171294,0.44560185,0.455685184,0.465768518,0.475851852,0.485935186,0.49601852,0.501060187,0.506101854,0.511143521,0.516185188,0.521226855,0.526268522,0.531310189,0.536351856,0.541393523,0.54643519,0.551476857,0.556518524,0.561560191,0.566601858,0.571643525,0.576685192,0.581726859,0.586768526,0.591810193
CPMT,9TMT,0.02325231,0.02325231,0.02325231,0.02325231,0.023341047,0.023429783,0.02351852,0.023715278,0.023912036,0.024108794,0.024305552,0.02450231,0.024754626,0.025006942,0.025259258,0.025511574,0.02576389,0.026027778,0.026291666,0.026555554,0.026819442,0.02708333,0.027215274,0.027347218,0.027479162,0.027611106,0.02774305,0.027874994,0.028006938,0.028138882,0.028270826,0.02840277,0.028534714,0.028666658,0.028798602,0.028930546,0.02906249,0.029194434,0.029326378,0.029458322,0.029590266
CPNE,9TNE,0.12148148,0.12148148,0.12148148,0.12148148,0.12419753,0.12691358,0.12962963,0.133349538,0.137069446,0.140789354,0.144509262,0.14822917,0.152689818,0.157150466,0.161611114,0.166071762,0.17053241,0.17503241,0.17953241,0.18403241,0.18853241,0.19303241,0.19528241,0.19753241,0.19978241,0.20203241,0.20428241,0.20653241,0.20878241,0.21103241,0.21328241,0.21553241,0.21778241,0.22003241,0.22228241,0.22453241,0.22678241,0.22903241,0.23128241,0.23353241,0.23578241
CPNV,9TNV,0.10107639,0.10107639,0.10107639,0.10107639,0.102337963,0.103599537,0.10486111,0.10617361,0.10748611,0.10879861,0.11011111,0.11142361,0.112791666,0.114159722,0.115527778,0.116895834,0.11826389,0.119703704,0.121143518,0.122583332,0.124023146,0.12546296,0.126182867,0.126902774,0.127622681,0.128342588,0.129062495,0.129782402,0.130502309,0.131222216,0.131942123,0.13266203,0.133381937,0.134101844,0.134821751,0.135541658,0.136261565,0.136981472,0.137701379,0.138421286,0.139141193
CPNH,9TNH,0.02606481,0.02606481,0.02606481,0.02606481,0.026157403,0.026249997,0.02634259,0.026439812,0.026537034,0.026634256,0.026731478,0.0268287,0.026914348,0.026999996,0.027085644,0.027171292,0.02725694,0.02734259,0.02742824,0.02751389,0.02759954,0.02768519,0.027728015,0.02777084,0.027813665,0.02785649,0.027899315,0.02794214,0.027984965,0.02802779,0.028070615,0.02811344,0.028156265,0.02819909,0.028241915,0.02828474,0.028327565,0.02837039,0.028413215,0.02845604,0.028498865
CPNJ,9TNJ,0.10895833,0.10895833,0.10895833,0.10895833,0.108622683,0.108287037,0.10795139,0.107675926,0.107400462,0.107124998,0.106849534,0.10657407,0.106393516,0.106212962,0.106032408,0.105851854,0.1056713,0.105618058,0.105564816,0.105511574,0.105458332,0.10540509,0.105378469,0.105351848,0.105325227,0.105298606,0.105271985,0.105245364,0.105218743,0.105192122,0.105165501,0.10513888,0.105112259,0.105085638,0.105059017,0.105032396,0.105005775,0.104979154,0.104952533,0.104925912,0.104899291
CPNM,9TNM,0.06787037,0.06787037,0.06787037,0.06787037,0.06851466,0.06915895,0.06980324,0.070506944,0.071210648,0.071914352,0.072618056,0.07332176,0.074074074,0.074826388,0.075578702,0.076331016,0.07708333,0.077840276,0.078597222,0.079354168,0.080111114,0.08086806,0.081246533,0.081625006,0.082003479,0.082381952,0.082760425,0.083138898,0.083517371,0.083895844,0.084274317,0.08465279,0.085031263,0.085409736,0.085788209,0.086166682,0.086545155,0.086923628,0.087302101,0.087680574,0.088059047
CPNY,9TNY,0.24701389,0.24701389,0.24701389,0.24701389,0.24556713,0.24412037,0.24267361,0.241493054,0.240312498,0.239131942,0.237951386,0.23677083,0.23597685,0.23518287,0.23438889,0.23359491,0.23280093,0.232375004,0.231949078,0.231523152,0.231097226,0.2306713,0.230458337,0.230245374,0.230032411,0.229819448,0.229606485,0.229393522,0.229180559,0.228967596,0.228754633,0.22854167,0.228328707,0.228115744,0.227902781,0.227689818,0.227476855,0.227263892,0.227050929,0.226837966,0.226625003
CPNC,9TNC,0.49321759,0.49321759,0.49321759,0.49321759,0.50761574,0.52201389,0.53641204,0.553488428,0.570564816,0.587641204,0.604717592,0.62179398,0.64378935,0.66578472,0.68778009,0.70977546,0.73177083,0.755935182,0.780099534,0.804263886,0.828428238,0.85259259,0.864674766,0.876756942,0.888839118,0.900921294,0.91300347,0.925085646,0.937167822,0.949249998,0.961332174,0.97341435,0.985496526,0.997578702,1.009660878,1.021743054,1.03382523,1.045907406,1.057989582,1.070071758,1.082153934
CPND,9TND,0.02074074,0.02074074,0.02074074,0.02074074,0.020690587,0.020640433,0.02059028,0.020673612,0.020756944,0.020840276,0.020923608,0.02100694,0.021182866,0.021358792,0.021534718,0.021710644,0.02188657,0.022071756,0.022256942,0.022442128,0.022627314,0.0228125,0.022905093,0.022997686,0.023090279,0.023182872,0.023275465,0.023368058,0.023460651,0.023553244,0.023645837,0.02373843,0.023831023,0.023923616,0.024016209,0.024108802,0.024201395,0.024293988,0.024386581,0.024479174,0.024571767
CPOH,9TOH,0.21461806,0.21461806,0.21461806,0.21461806,0.215856483,0.217094907,0.21833333,0.220124998,0.221916666,0.223708334,0.225500002,0.22729167,0.229821762,0.232351854,0.234881946,0.237412038,0.23994213,0.242810186,0.245678242,0.248546298,0.251414354,0.25428241,0.255716438,0.257150466,0.258584494,0.260018522,0.26145255,0.262886578,0.264320606,0.265754634,0.267188662,0.26862269,0.270056718,0.271490746,0.272924774,0.274358802,0.27579283,0.277226858,0.278660886,0.280094914,0.281528942
CPOK,9TOK,0.1894213,0.1894213,0.1894213,0.1894213,0.193761577,0.198101853,0.20244213,0.207726852,0.213011574,0.218296296,0.223581018,0.22886574,0.235583332,0.242300924,0.249018516,0.255736108,0.2624537,0.26977546,0.27709722,0.28441898,0.29174074,0.2990625,0.30272338,0.30638426,0.31004514,0.31370602,0.3173669,0.32102778,0.32468866,0.32834954,0.33201042,0.3356713,0.33933218,0.34299306,0.34665394,0.35031482,0.3539757,0.35763658,0.36129746,0.36495834,0.36861922
CPOR,9TOR,0.09225694,0.09225694,0.09225694,0.09225694,0.092908947,0.093560953,0.09421296,0.094965276,0.095717592,0.096469908,0.097222224,0.09797454,0.098865744,0.099756948,0.100648152,0.101539356,0.10243056,0.103437504,0.104444448,0.105451392,0.106458336,0.10746528,0.107968752,0.108472224,0.108975696,0.109479168,0.10998264,0.110486112,0.110989584,0.111493056,0.111996528,0.1125,0.113003472,0.113506944,0.114010416,0.114513888,0.11501736,0.115520832,0.116024304,0.116527776,0.117031248
CPPA,9TPA,0.2602662,0.2602662,0.2602662,0.2602662,0.261701387,0.263136573,0.26457176,0.26663889,0.26870602,0.27077315,0.27284028,0.27490741,0.278108798,0.281310186,0.284511574,0.287712962,0.29091435,0.29472222,0.29853009,0.30233796,0.30614583,0.3099537,0.311857635,0.31376157,0.315665505,0.31756944,0.319473375,0.32137731,0.323281245,0.32518518,0.327089115,0.32899305,0.330896985,0.33280092,0.334704855,0.33660879,0.338512725,0.34041666,0.342320595,0.34422453,0.346128465
CPRI,9TRI,0.01385417,0.01385417,0.01385417,0.01385417,0.013823303,0.013792437,0.01376157,0.01371759,0.01367361,0.01362963,0.01358565,0.01354167,0.01352778,0.01351389,0.0135,0.01348611,0.01347222,0.013474536,0.013476852,0.013479168,0.013481484,0.0134838,0.013484958,0.013486116,0.013487274,0.013488432,0.01348959,0.013490748,0.013491906,0.013493064,0.013494222,0.01349538,0.013496538,0.013497696,0.013498854,0.013500012,0.01350117,0.013502328,0.013503486,0.013504644,0.013505802
CPSC,9TSC,0.13609954,0.13609954,0.13609954,0.13609954,0.139228397,0.142357253,0.14548611,0.149032406,0.152578702,0.156124998,0.159671294,0.16321759,0.168023146,0.172828702,0.177634258,0.182439814,0.18724537,0.19269213,0.19813889,0.20358565,0.20903241,0.21447917,0.21720255,0.21992593,0.22264931,0.22537269,0.22809607,0.23081945,0.23354283,0.23626621,0.23898959,0.24171297,0.24443635,0.24715973,0.24988311,0.25260649,0.25532987,0.25805325,0.26077663,0.26350001,0.26622339
CPSD,9TSD,0.04729167,0.04729167,0.04729167,0.04729167,0.048271607,0.049251543,0.05023148,0.051532406,0.052833332,0.054134258,0.055435184,0.05673611,0.058335648,0.059935186,0.061534724,0.063134262,0.0647338,0.066388892,0.068043984,0.069699076,0.071354168,0.07300926,0.073836806,0.074664352,0.075491898,0.076319444,0.07714699,0.077974536,0.078802082,0.079629628,0.080457174,0.08128472,0.082112266,0.082939812,0.083767358,0.084594904,0.08542245,0.086249996,0.087077542,0.087905088,0.088732634
CPTN,9TTN,0.1915625,0.1915625,0.1915625,0.1915625,0.195239197,0.198915893,0.20259259,0.206370368,0.210148146,0.213925924,0.217703702,0.22148148,0.226018518,0.230555556,0.235092594,0.239629632,0.24416667,0.249245374,0.254324078,0.259402782,0.264481486,0.26956019,0.272099542,0.274638894,0.277178246,0.279717598,0.28225695,0.284796302,0.287335654,0.289875006,0.292414358,0.29495371,0.297493062,0.300032414,0.302571766,0.305111118,0.30765047,0.310189822,0.312729174,0.315268526,0.317807878
CPTX,9TTX,0.87675926,0.87675926,0.87675926,0.87675926,0.901412037,0.926064813,0.95071759,0.97440046,0.99808333,1.0217662,1.04544907,1.06913194,1.09371759,1.11830324,1.14288889,1.16747454,1.19206019,1.217807874,1.243555558,1.269303242,1.295050926,1.32079861,1.333672452,1.346546294,1.359420136,1.372293978,1.38516782,1.398041662,1.410915504,1.423789346,1.436663188,1.44953703,1.462410872,1.475284714,1.488158556,1.501032398,1.51390624,1.526780082,1.539653924,1.552527766,1.565401608
CPUT,9TUT,0.04498843,0.04498843,0.04498843,0.04498843,0.045733027,0.046477623,0.04722222,0.047995368,0.048768516,0.049541664,0.050314812,0.05108796,0.051942128,0.052796296,0.053650464,0.054504632,0.0553588,0.05627778,0.05719676,0.05811574,0.05903472,0.0599537,0.06041319,0.06087268,0.06133217,0.06179166,0.06225115,0.06271064,0.06317013,0.06362962,0.06408911,0.0645486,0.06500809,0.06546758,0.06592707,0.06638656,0.06684605,0.06730554,0.06776503,0.06822452,0.06868401
CPVT,9TVT,0.02951389,0.02951389,0.02951389,0.02951389,0.029544753,0.029575617,0.02960648,0.029636572,0.029666664,0.029696756,0.029726848,0.02975694,0.029793978,0.029831016,0.029868054,0.029905092,0.02994213,0.029981482,0.030020834,0.030060186,0.030099538,0.03013889,0.030158566,0.030178242,0.030197918,0.030217594,0.03023727,0.030256946,0.030276622,0.030296298,0.030315974,0.03033565,0.030355326,0.030375002,0.030394678,0.030414354,0.03043403,0.030453706,0.030473382,0.030493058,0.030512734
CPVA,9TVA,0.17572917,0.17572917,0.17572917,0.17572917,0.179212967,0.182696763,0.18618056,0.19011343,0.1940463,0.19797917,0.20191204,0.20584491,0.210981484,0.216118058,0.221254632,0.226391206,0.23152778,0.237333336,0.243138892,0.248944448,0.254750004,0.26055556,0.263458338,0.266361116,0.269263894,0.272166672,0.27506945,0.277972228,0.280875006,0.283777784,0.286680562,0.28958334,0.292486118,0.295388896,0.298291674,0.301194452,0.30409723,0.307000008,0.309902786,0.312805564,0.315708342
CPWA,9TWA,0.15828704,0.15828704,0.15828704,0.15828704,0.15924383,0.16020062,0.16115741,0.162222224,0.163287038,0.164351852,0.165416666,0.16648148,0.167817128,0.169152776,0.170488424,0.171824072,0.17315972,0.174634258,0.176108796,0.177583334,0.179057872,0.18053241,0.181269679,0.182006948,0.182744217,0.183481486,0.184218755,0.184956024,0.185693293,0.186430562,0.187167831,0.1879051,0.188642369,0.189379638,0.190116907,0.190854176,0.191591445,0.192328714,0.193065983,0.193803252,0.194540521
CPWV,9TWV,0.0749537,0.0749537,0.0749537,0.0749537,0.07555941,0.07616512,0.07677083,0.077567126,0.078363422,0.079159718,0.079956014,0.08075231,0.08194907,0.08314583,0.08434259,0.08553935,0.08673611,0.088136574,0.089537038,0.090937502,0.092337966,0.09373843,0.094438662,0.095138894,0.095839126,0.096539358,0.09723959,0.097939822,0.098640054,0.099340286,0.100040518,0.10074075,0.101440982,0.102141214,0.102841446,0.103541678,0.10424191,0.104942142,0.105642374,0.106342606,0.107042838
CPWI,9TWI,0.10390046,0.10390046,0.10390046,0.10390046,0.104864967,0.105829473,0.10679398,0.107962962,0.109131944,0.110300926,0.111469908,0.11263889,0.11420139,0.11576389,0.11732639,0.11888889,0.12045139,0.12220602,0.12396065,0.12571528,0.12746991,0.12922454,0.130101855,0.13097917,0.131856485,0.1327338,0.133611115,0.13448843,0.135365745,0.13624306,0.137120375,0.13799769,0.138875005,0.13975232,0.140629635,0.14150695,0.142384265,0.14326158,0.144138895,0.14501621,0.145893525
CPWY,9TWY,0.01409722,0.01409722,0.01409722,0.01409722,0.014247683,0.014398147,0.01454861,0.014719906,0.014891202,0.015062498,0.015233794,0.01540509,0.015581016,0.015756942,0.015932868,0.016108794,0.01628472,0.01646759,0.01665046,0.01683333,0.0170162,0.01719907,0.017290505,0.01738194,0.017473375,0.01756481,0.017656245,0.01774768,0.017839115,0.01793055,0.018021985,0.01811342,0.018204855,0.01829629,0.018387725,0.01847916,0.018570595,0.01866203,0.018753465,0.0188449,0.018936335
