code,const,m1,m2,m3,m4,m5,m6,m7,m8,m9,m10,m11,m12,y1,y2,y3,y4,y5,y6,y7,y8,y9,y10,y11,y12,y13,y14,y15,y16,y17,y18,y19,y20,y21,y22,y23,y24,y25,y26,y27,y28,y29,y30,y31,y32,y33,y34,y35,y36,y37,y38,y39,y40
CP,X % Coal production,,,,,,,,,,,,,,,,,,,,,,,,,,,,,,,,,,,,,,,,,,,,,,,,,,,,
NP,X % Natural gas production,,,,,,,,,,,,,,,,,,,,,,,,,,,,,,,,,,,,,,,,,,,,,,,,,,,,
% Natural gas demand (MMcf),,,,,,,,,,,,,,,,,,,,,,,,,,,,,,,,,,,,,,,,,,,,,,,,,,,,,
NTAL,205382,25440,24743,22042,17160,14682,12865,12700,12915,12808,13220,16179,20628,,,,,,,,,,,,,,,,,,,,,,,,,,,,,,,,,,,,,,,,
NTAK,44453,5955,5191,4370,3377,2575,2151,1975,1829,2441,4029,4924,5636,,,,,,,,,,,,,,,,,,,,,,,,,,,,,,,,,,,,,,,,
NTAZ,91153,15576,13589,9987,6804,5865,5157,4302,4107,4375,5058,6513,9820,,,,,,,,,,,,,,,,,,,,,,,,,,,,,,,,,,,,,,,,
NTAR,157781,20663,20166,16703,13182,10851,9307,8888,8869,9336,10090,11909,17817,,,,,,,,,,,,,,,,,,,,,,,,,,,,,,,,,,,,,,,,
NTCA,1504356,180620,161363,136934,117132,114815,101651,101167,103156,104417,113157,114721,155223,,,,,,,,,,,,,,,,,,,,,,,,,,,,,,,,,,,,,,,,
NTCO,319455,49905,40188,34688,25126,17147,12752,13633,13585,13469,22252,30075,46635,,,,,,,,,,,,,,,,,,,,,,,,,,,,,,,,,,,,,,,,
NTCT,103143,15164,14660,13838,9098,6094,4343,4050,3951,4113,5652,9040,13140,,,,,,,,,,,,,,,,,,,,,,,,,,,,,,,,,,,,,,,,
NTDE,36960,4745,4648,4028,3142,2626,1949,1770,1924,1586,2554,3482,4506,,,,,,,,,,,,,,,,,,,,,,,,,,,,,,,,,,,,,,,,
NTDC,31635,5010,4524,3522,2139,1522,1291,1095,1126,1190,2022,3480,4714,,,,,,,,,,,,,,,,,,,,,,,,,,,,,,,,,,,,,,,,
NTFL,167258,17206.21888,16300.23649,16676.28124,15989.96855,14289.70024,12841.3695,12124.03002,11858.44067,11338.4316,11618.91382,12244.41398,14769.99501, % updated w/ 2012 values,,,,,,,,,,,,,,,,,,,,,,,,,,,,,,,,,,,,,,,
NTGA,321666,48637,38190,31456,23111,19006,17298,17739,17688,17602,22334,32248,36357,,,,,,,,,,,,,,,,,,,,,,,,,,,,,,,,,,,,,,,,
NTHI,2699,245,237,235,238,225,233,238,211,211,206,204,216,,,,,,,,,,,,,,,,,,,,,,,,,,,,,,,,,,,,,,,,
NTID,69057,9502,9103,7127,6297,4515,3464,2880,2697,3151,5024,6042,9255,,,,,,,,,,,,,,,,,,,,,,,,,,,,,,,,,,,,,,,,
NTIL,952318,141845,147118,124155,85783,52389,37123,34530,33420,33172,50658,76936,135189,,,,,,,,,,,,,,,,,,,,,,,,,,,,,,,,,,,,,,,,
NTIN,509769,73918,70065,55430,36259,30631,26497,25300,25711,23597,32113,45394,64854,,,,,,,,,,,,,,,,,,,,,,,,,,,,,,,,,,,,,,,,
NTIA,288716,39922,38424,31993,22822,17745,14301,14052,14112,14503,18868,26211,35763,,,,,,,,,,,,,,,,,,,,,,,,,,,,,,,,,,,,,,,,
NTKS,217516,31586,28405,24273,17726,13375,11816,11981,13667,11266,11493,15812,26116,,,,,,,,,,,,,,,,,,,,,,,,,,,,,,,,,,,,,,,,
NTKY,198246,30025,25466,22466,15362,11680,9898,9826,9804,9639,12055,17923,24102,,,,,,,,,,,,,,,,,,,,,,,,,,,,,,,,,,,,,,,,
NTLA,1013863,101326.6185,88477.25861,91720.50932,83623.08241,84060.58837,77278.05709,86339.66155,82985.84547,65058.80091,84577.74895,88271.58325,80143.24559, % updated w/ 2012 values,,,,,,,,,,,,,,,,,,,,,,,,,,,,,,,,,,,,,,,
NTME,23656,2537,2473,2539,1999,1730,1443,1496,1485,1626,1732,2116,2480,,,,,,,,,,,,,,,,,,,,,,,,,,,,,,,,,,,,,,,,
NTMD,172742,27490,25356,19614,11753,8975,6708,6141,6181,6483,11341,18011,24689,,,,,,,,,,,,,,,,,,,,,,,,,,,,,,,,,,,,,,,,
NTMA,216754,35410,34156,30306,21806,12554,8329,6872,6773,6755,8986,16264,28543,,,,,,,,,,,,,,,,,,,,,,,,,,,,,,,,,,,,,,,,
NTMI,650781,99448,100364,93035,61352,36257,24234,20700,18790,19700,31571,54523,90807,,,,,,,,,,,,,,,,,,,,,,,,,,,,,,,,,,,,,,,,
NTMN,358741,55793,51704,44136,30320,19726,13881,13014,13006,13560,19633,32646,51322,,,,,,,,,,,,,,,,,,,,,,,,,,,,,,,,,,,,,,,,
NTMS,148865,17116,15681,13799,11441,11465,10883,10709,10033,9790,10335,12280,15333,,,,,,,,,,,,,,,,,,,,,,,,,,,,,,,,,,,,,,,,
NTMO,245775,40330,41105,33466,21140,13039,9285,8516,8245,8510,10071,18094,33974,,,,,,,,,,,,,,,,,,,,,,,,,,,,,,,,,,,,,,,,
NTMT,63723,8956,8294,7166,5729,4396,3341,2570,2405,2862,4212,5281,8511,,,,,,,,,,,,,,,,,,,,,,,,,,,,,,,,,,,,,,,,
NTNE,150033,19425,19978,16802,12666,9232,8454,8102,9020,7581,10134,12242,16397,,,,,,,,,,,,,,,,,,,,,,,,,,,,,,,,,,,,,,,,
NTNV,80472,13739,11635,8524,6293,5013,4333,3812,3642,3848,4707,5718,9208,,,,,,,,,,,,,,,,,,,,,,,,,,,,,,,,,,,,,,,,
NTNH,21827,3261,3124,2917,2168,1529,1044,880,834,790,1096,1676,2508,,,,,,,,,,,,,,,,,,,,,,,,,,,,,,,,,,,,,,,,
NTNJ,442986,68269,65489,53157,28607,22434,15733,16980,17100,16294,29225,46048,63650,,,,,,,,,,,,,,,,,,,,,,,,,,,,,,,,,,,,,,,,
NTNM,77881,12976,12580,9418,6803,4922,3945,3271,3209,3198,3605,5532,8422,,,,,,,,,,,,,,,,,,,,,,,,,,,,,,,,,,,,,,,,
NTNY,764306,111681,111800,101177,65754,43487,33233,28395,28496,29031,41993,68307,100952,,,,,,,,,,,,,,,,,,,,,,,,,,,,,,,,,,,,,,,,
NTNC,201798,29753,24858,19817,14319,10961,9687,9719,9846,10835,15369,22225,24409,,,,,,,,,,,,,,,,,,,,,,,,,,,,,,,,,,,,,,,,
NTND,43856,5112,5733,4681,3819,3047,2477,1366,1853,2084,3928,4387,5369,,,,,,,,,,,,,,,,,,,,,,,,,,,,,,,,,,,,,,,,
NTOH,756433,113227,113275,98987,57936,42465,31639,29520,29232,28705,41486,67874,102087,,,,,,,,,,,,,,,,,,,,,,,,,,,,,,,,,,,,,,,,
NTOK,289605,40767,34396,32938,24563,20236,16944,17115,16859,17273,17549,22493,28472,,,,,,,,,,,,,,,,,,,,,,,,,,,,,,,,,,,,,,,,
NTOR,144281,18900,17977,15413,14362,10799,8492,7435,7413,7600,9255,11066,15569,,,,,,,,,,,,,,,,,,,,,,,,,,,,,,,,,,,,,,,,
NTPA,563982,83786,82559,73159,45769,31728,24626,22003,22001,22383,31880,49783,74305,,,,,,,,,,,,,,,,,,,,,,,,,,,,,,,,,,,,,,,,
NTRI,35311,5185,5564,4928,3961,2590,1625,1344,1543,1179,1629,2277,3486,,,,,,,,,,,,,,,,,,,,,,,,,,,,,,,,,,,,,,,,
NTSC,121309,16230,13728,12193,9535,8106,7491,7444,7445,7228,8532,11349,12028,,,,,,,,,,,,,,,,,,,,,,,,,,,,,,,,,,,,,,,,
NTSD,56495,7021,6619,5585,4762,3806,3208,3021,3220,3329,3666,5150,7108,,,,,,,,,,,,,,,,,,,,,,,,,,,,,,,,,,,,,,,,
NTTN,215149,30901,30593,26044,18202,12366,10748,9850,9718,10475,11341,17548,27363,,,,,,,,,,,,,,,,,,,,,,,,,,,,,,,,,,,,,,,,
NTTX,1860274,206637.0086,183341.9932,170140.1598,150452.7698,149226.3096,140779.0792,147343.0144,146783.3247,116201.3035,138004.9168,142871.0161,168493.1044, % updated w/ 2012 values,,,,,,,,,,,,,,,,,,,,,,,,,,,,,,,,,,,,,,,
NTUT,136699,22475,21468,16327,13202,9982,6831,5368,4958,5088,6381,10039,14580,,,,,,,,,,,,,,,,,,,,,,,,,,,,,,,,,,,,,,,,
NTVT,8569,1199,1216,1137,864,509,381,328,328,357,475,696,1079,,,,,,,,,,,,,,,,,,,,,,,,,,,,,,,,,,,,,,,,
NTVA,209373,32636,27883,20813,15100,11326,11702,10894,9153,7961,13117,21422,27366,,,,,,,,,,,,,,,,,,,,,,,,,,,,,,,,,,,,,,,,
NTWA,216462,29519,28452,23059,21034,16038,12367,9906,9301,10161,13657,16934,26034,,,,,,,,,,,,,,,,,,,,,,,,,,,,,,,,,,,,,,,,
NTWV,82594,11625,11260,9737,5991,4724,3677,3583,3795,3775,5543,8492,10392,,,,,,,,,,,,,,,,,,,,,,,,,,,,,,,,,,,,,,,,
NTWI,365382,57078,53547,44147,27507,18633,12985,13043,13000,14040,21739,35113,54550,,,,,,,,,,,,,,,,,,,,,,,,,,,,,,,,,,,,,,,,
NTWY,65363,8338,7336,6565,5644,4967,4027,3654,3731,3445,4828,5509,7319,,,,,,,,,,,,,,,,,,,,,,,,,,,,,,,,,,,,,,,,
% NG Exports to Mexico (MMcf),,,,,,,,,,,,,,,,,,,,,,,,,,,,,,,,,,,,,,,,,,,,,,,,,,,,,
NDMX,365396,39875,37446,31018,28111,25137,30363,30179,34585,26514,28451,25825,27892,,,,,,,,,,,,,,,,,,,,,,,,,,,,,,,,,,,,,,,,
% Natural gas storage boundaries (MMcf),,,,,,,,,,,,,,,,,,,,,,,,,,,,,,,,,,,,,,,,,,,,,,,,,,,,,
NSAL,,-11818.5,,,,,,,,,,,11818.5,,,,,,,,,,,,,,,,,,,,,,,,,,,,,,,,,,,,,,,,
NSAR,,-4588.75,,,,,,,,,,,4588.75,,,,,,,,,,,,,,,,,,,,,,,,,,,,,,,,,,,,,,,,
NSCA,,-194841.125,,,,,,,,,,,194841.125,,,,,,,,,,,,,,,,,,,,,,,,,,,,,,,,,,,,,,,,
NSCO,,-30787.125,,,,,,,,,,,30787.125,,,,,,,,,,,,,,,,,,,,,,,,,,,,,,,,,,,,,,,,
NSIL,,-163545.75,,,,,,,,,,,163545.75,,,,,,,,,,,,,,,,,,,,,,,,,,,,,,,,,,,,,,,,
NSIN,,-22166.375,,,,,,,,,,,22166.375,,,,,,,,,,,,,,,,,,,,,,,,,,,,,,,,,,,,,,,,
NSIA,,-42446.75,,,,,,,,,,,42446.75,,,,,,,,,,,,,,,,,,,,,,,,,,,,,,,,,,,,,,,,
NSKS,,-74464.5,,,,,,,,,,,74464.5,,,,,,,,,,,,,,,,,,,,,,,,,,,,,,,,,,,,,,,,
NSKY,,-66888.625,,,,,,,,,,,66888.625,,,,,,,,,,,,,,,,,,,,,,,,,,,,,,,,,,,,,,,,
NSLA,,-230746.5,,,,,,,,,,,230746.5,,,,,,,,,,,,,,,,,,,,,,,,,,,,,,,,,,,,,,,,
NSMD,,-13767.375,,,,,,,,,,,13767.375,,,,,,,,,,,,,,,,,,,,,,,,,,,,,,,,,,,,,,,,
NSMI,,-447529.5,,,,,,,,,,,447529.5,,,,,,,,,,,,,,,,,,,,,,,,,,,,,,,,,,,,,,,,
NSMN,,-1790.625,,,,,,,,,,,1790.625,,,,,,,,,,,,,,,,,,,,,,,,,,,,,,,,,,,,,,,,
NSMS,,-58801.125,,,,,,,,,,,58801.125,,,,,,,,,,,,,,,,,,,,,,,,,,,,,,,,,,,,,,,,
NSMO,,-8802.5,,,,,,,,,,,8802.5,,,,,,,,,,,,,,,,,,,,,,,,,,,,,,,,,,,,,,,,
NSMT,,-36211.25,,,,,,,,,,,36211.25,,,,,,,,,,,,,,,,,,,,,,,,,,,,,,,,,,,,,,,,
NSNE,,-9474.5,,,,,,,,,,,9474.5,,,,,,,,,,,,,,,,,,,,,,,,,,,,,,,,,,,,,,,,
NSNM,,-17192.625,,,,,,,,,,,17192.625,,,,,,,,,,,,,,,,,,,,,,,,,,,,,,,,,,,,,,,,
NSNY,,-74186.75,,,,,,,,,,,74186.75,,,,,,,,,,,,,,,,,,,,,,,,,,,,,,,,,,,,,,,,
NSOH,,-125166,,,,,,,,,,,125166,,,,,,,,,,,,,,,,,,,,,,,,,,,,,,,,,,,,,,,,
NSOK,,-114888.875,,,,,,,,,,,114888.875,,,,,,,,,,,,,,,,,,,,,,,,,,,,,,,,,,,,,,,,
NSOR,,-12527.375,,,,,,,,,,,12527.375,,,,,,,,,,,,,,,,,,,,,,,,,,,,,,,,,,,,,,,,
NSPA,,-284739.75,,,,,,,,,,,284739.75,,,,,,,,,,,,,,,,,,,,,,,,,,,,,,,,,,,,,,,,
NSTN,,-44,,,,,,,,,,,44,,,,,,,,,,,,,,,,,,,,,,,,,,,,,,,,,,,,,,,,
NSTX,,-328739.875,,,,,,,,,,,328739.875,,,,,,,,,,,,,,,,,,,,,,,,,,,,,,,,,,,,,,,,
NSUT,,-32158.375,,,,,,,,,,,32158.375,,,,,,,,,,,,,,,,,,,,,,,,,,,,,,,,,,,,,,,,
NSVA,,-4157.5,,,,,,,,,,,4157.5,,,,,,,,,,,,,,,,,,,,,,,,,,,,,,,,,,,,,,,,
NSWA,,-15591.875,,,,,,,,,,,15591.875,,,,,,,,,,,,,,,,,,,,,,,,,,,,,,,,,,,,,,,,
NSWV,,-145106.75,,,,,,,,,,,145106.75,,,,,,,,,,,,,,,,,,,,,,,,,,,,,,,,,,,,,,,,
NSWY,,-28696.75,,,,,,,,,,,28696.75,,,,,,,,,,,,,,,,,,,,,,,,,,,,,,,,,,,,,,,,
EH,X % Hydro,,,,,,,,,,,,,,,,,,,,,,,,,,,,,,,,,,,,,,,,,,,,,,,,,,,,
EW,X % Inland Wind,,,,,,,,,,,,,,,,,,,,,,,,,,,,,,,,,,,,,,,,,,,,,,,,,,,,
EV,X % Solar PV,,,,,,,,,,,,,,,,,,,,,,,,,,,,,,,,,,,,,,,,,,,,,,,,,,,,
E1,X % Geo Thermal,,,,,,,,,,,,,,,,,,,,,,,,,,,,,,,,,,,,,,,,,,,,,,,,,,,,
EU,X % Solar Thermal,,,,,,,,,,,,,,,,,,,,,,,,,,,,,,,,,,,,,,,,,,,,,,,,,,,,
E3,X % OTEC,,,,,,,,,,,,,,,,,,,,,,,,,,,,,,,,,,,,,,,,,,,,,,,,,,,,
EY,X % Offshore Wind,,,,,,,,,,,,,,,,,,,,,,,,,,,,,,,,,,,,,,,,,,,,,,,,,,,,
E2,X % Tidal Power,,,,,,,,,,,,,,,,,,,,,,,,,,,,,,,,,,,,,,,,,,,,,,,,,,,,
EP,X % IPCC,,,,,,,,,,,,,,,,,,,,,,,,,,,,,,,,,,,,,,,,,,,,,,,,,,,,
% VEHICLES (thousand vehicles),,,,,,,,,,,,,,,,,,,,,,,,,,,,,,,,,,,,,,,,,,,,,,,,,,,,,
%VD01,44563.37476,,,,,,,,,,,,,,,,,,,,,,,,,,,,,,,,,,,,,,,,,,,,,,,,,,,,
%VD02,23258.7448,,,,,,,,,,,,,,,,,,,,,,,,,,,,,,,,,,,,,,,,,,,,,,,,,,,,
%VD03,15110.58788,,,,,,,,,,,,,,,,,,,,,,,,,,,,,,,,,,,,,,,,,,,,,,,,,,,,
%VD04,14869.09451,,,,,,,,,,,,,,,,,,,,,,,,,,,,,,,,,,,,,,,,,,,,,,,,,,,,
%VD05,13506.65162,,,,,,,,,,,,,,,,,,,,,,,,,,,,,,,,,,,,,,,,,,,,,,,,,,,,
%VD06,9653.944389,,,,,,,,,,,,,,,,,,,,,,,,,,,,,,,,,,,,,,,,,,,,,,,,,,,,
%VD07,8246.492522,,,,,,,,,,,,,,,,,,,,,,,,,,,,,,,,,,,,,,,,,,,,,,,,,,,,
%VD08,15157.34177,,,,,,,,,,,,,,,,,,,,,,,,,,,,,,,,,,,,,,,,,,,,,,,,,,,,
%VD09,41461.12326,,,,,,,,,,,,,,,,,,,,,,,,,,,,,,,,,,,,,,,,,,,,,,,,,,,,
%VD10,19213.87431,,,,,,,,,,,,,,,,,,,,,,,,,,,,,,,,,,,,,,,,,,,,,,,,,,,,
%VD11,16585.10361,,,,,,,,,,,,,,,,,,,,,,,,,,,,,,,,,,,,,,,,,,,,,,,,,,,,
%VD12,10641.8036,,,,,,,,,,,,,,,,,,,,,,,,,,,,,,,,,,,,,,,,,,,,,,,,,,,,
%VD13,17970.86296,,,,,,,,,,,,,,,,,,,,,,,,,,,,,,,,,,,,,,,,,,,,,,,,,,,,
% Non-coal commodities (thousand short tons),,,,,,,,,,,,,,,,,,,,,,,,,,,,,,,,,,,,,,,,,,,,,,,,,,,,,
5TALFL,,,,,,,,,,,,,,11654.4,12408.716,13163.032,13917.348,14671.664,15425.98,16050.264,16674.548,17298.832,17923.116,18547.4,19151.686,19755.972,20360.258,20964.544,21568.83,22383.334,23197.838,24012.342,24826.846,25641.35,26540.398,27439.446,28338.494,29237.542,30136.59,28630.56586,27124.54172,25618.51758,24112.49343,22606.46929,22302.98122,21999.49315,21696.00508,21392.51701,21089.02894,20785.54087,20482.0528,20178.56473,19875.07666
5TALGA,,,,,,,,,,,,,,23162.75,23512.622,23862.494,24212.366,24562.238,24912.11,25317.432,25722.754,26128.076,26533.398,26938.72,27376.994,27815.268,28253.542,28691.816,29130.09,29732.36,30334.63,30936.9,31539.17,32141.44,32801.098,33460.756,34120.414,34780.072,35439.73,35375.77267,35311.81533,35247.858,35183.90066,35119.94333,35417.79366,35715.644,36013.49433,36311.34466,36609.19499,36907.04533,37204.89566,37502.74599,37800.59633
5TALMS,,,,,,,,,,,,,,26415.28,26486.502,26557.724,26628.946,26700.168,26771.39,26904.982,27038.574,27172.166,27305.758,27439.35,27695.624,27951.898,28208.172,28464.446,28720.72,29122.978,29525.236,29927.494,30329.752,30732.01,31107.722,31483.434,31859.146,32234.858,32610.57,32565.41865,32520.26729,32475.11594,32429.96459,32384.81323,32550.09356,32715.37388,32880.6542,33045.93453,33211.21485,33376.49517,33541.7755,33707.05582,33872.33614
5TALTN,,,,,,,,,,,,,,11154.66,11250.412,11346.164,11441.916,11537.668,11633.42,11722.016,11810.612,11899.208,11987.804,12076.4,12197.462,12318.524,12439.586,12560.648,12681.71,12825.066,12968.422,13111.778,13255.134,13398.49,13596.018,13793.546,13991.074,14188.602,14386.13,14246.3718,14106.6136,13966.8554,13827.0972,13687.339,13716.2239,13745.1088,13773.9937,13802.87861,13831.76351,13860.64841,13889.53331,13918.41821,13947.30311
5TARLA,,,,,,,,,,,,,,14417.52,14636.202,14854.884,15073.566,15292.248,15510.93,15746.662,15982.394,16218.126,16453.858,16689.59,16986.73,17283.87,17581.01,17878.15,18175.29,18495.44,18815.59,19135.74,19455.89,19776.04,20094.98,20413.92,20732.86,21051.8,21370.74,21016.19803,20661.65606,20307.11409,19952.57212,19598.03015,19580.22916,19562.42818,19544.62719,19526.82621,19509.02522,19491.22424,19473.42325,19455.62226,19437.82128
5TARMO,,,,,,,,,,,,,,15365,15410.94,15456.88,15502.82,15548.76,15594.7,15662.646,15730.592,15798.538,15866.484,15934.43,15981.126,16027.822,16074.518,16121.214,16167.91,16261.604,16355.298,16448.992,16542.686,16636.38,16795.742,16955.104,17114.466,17273.828,17433.19,17250.39243,17067.59485,16884.79728,16701.9997,16519.20213,16507.48434,16495.76656,16484.04877,16472.33098,16460.6132,16448.89541,16437.17762,16425.45983,16413.74205
5TAROK,,,,,,,,,,,,,,10180.58,10254.764,10328.948,10403.132,10477.316,10551.5,10639.38,10727.26,10815.14,10903.02,10990.9,11108.86,11226.82,11344.78,11462.74,11580.7,11726.04,11871.38,12016.72,12162.06,12307.4,12465.462,12623.524,12781.586,12939.648,13097.71,13062.09903,13026.48806,12990.87708,12955.26611,12919.65514,12980.88065,13042.10617,13103.33168,13164.5572,13225.78271,13287.00823,13348.23374,13409.45925,13470.68477
5TARTN,,,,,,,,,,,,,,63857.18,65223.632,66590.084,67956.536,69322.988,70689.44,73205.6,75721.76,78237.92,80754.08,83270.24,86109.958,88949.676,91789.394,94629.112,97468.83,100865.084,104261.338,107657.592,111053.846,114450.1,118234.078,122018.056,125802.034,129586.012,133369.99,132533.2186,131696.4472,130859.6758,130022.9043,129186.1329,130659.7362,132133.3395,133606.9428,135080.5461,136554.1494,138027.7527,139501.356,140974.9593,142448.5626
5TARTX,,,,,,,,,,,,,,5831.05,5872.85,5914.65,5956.45,5998.25,6040.05,6035.37,6030.69,6026.01,6021.33,6016.65,6038.788,6060.926,6083.064,6105.202,6127.34,6165.576,6203.812,6242.048,6280.284,6318.52,6386.458,6454.396,6522.334,6590.272,6658.21,6613.556875,6568.903749,6524.250624,6479.597499,6434.944373,6446.586811,6458.229248,6469.871685,6481.514123,6493.15656,6504.798997,6516.441435,6528.083872,6539.726309
5TAZCA,,,,,,,,,,,,,,15477.16,15595.104,15713.048,15830.992,15948.936,16066.88,16173.152,16279.424,16385.696,16491.968,16598.24,16959.57,17320.9,17682.23,18043.56,18404.89,18838.088,19271.286,19704.484,20137.682,20570.88,20928.862,21286.844,21644.826,22002.808,22360.79,22323.00751,22285.22501,22247.44252,22209.66002,22171.87753,22331.97728,22492.07704,22652.17679,22812.27654,22972.3763,23132.47605,23292.5758,23452.67556,23612.77531
5TAZNM,,,,,,,,,,,,,,16012.22,16588.604,17164.988,17741.372,18317.756,18894.14,19590.556,20286.972,20983.388,21679.804,22376.22,23263.938,24151.656,25039.374,25927.092,26814.81,27957.19,29099.57,30241.95,31384.33,32526.71,33755.9,34985.09,36214.28,37443.47,38672.66,38329.71876,37986.77751,37643.83627,37300.89502,36957.95378,37401.07815,37844.20253,38287.32691,38730.45129,39173.57566,39616.70004,40059.82442,40502.9488,40946.07317
5TAZNV,,,,,,,,,,,,,,40536.5,40724.616,40912.732,41100.848,41288.964,41477.08,41385.358,41293.636,41201.914,41110.192,41018.47,41530.92,42043.37,42555.82,43068.27,43580.72,44182.112,44783.504,45384.896,45986.288,46587.68,47255.428,47923.176,48590.924,49258.672,49926.42,49788.08964,49649.75928,49511.42891,49373.09855,49234.76819,49499.47701,49764.18583,50028.89465,50293.60347,50558.31229,50823.0211,51087.72992,51352.43874,51617.14756
5TAZUT,,,,,,,,,,,,,,8271.72,8604.388,8937.056,9269.724,9602.392,9935.06,10330.896,10726.732,11122.568,11518.404,11914.24,12404.09,12893.94,13383.79,13873.64,14363.49,15021.496,15679.502,16337.508,16995.514,17653.52,18448.326,19243.132,20037.938,20832.744,21627.55,21603.89673,21580.24346,21556.5902,21532.93693,21509.28366,21894.86003,22280.43639,22666.01276,23051.58913,23437.16549,23822.74186,24208.31822,24593.89459,24979.47096
5TCAAZ,,,,,,,,,,,,,,15711.42,16309.666,16907.912,17506.158,18104.404,18702.65,19423.628,20144.606,20865.584,21586.562,22307.54,23180.126,24052.712,24925.298,25797.884,26670.47,27824.59,28978.71,30132.83,31286.95,32441.07,33846.972,35252.874,36658.776,38064.678,39470.58,39319.08706,39167.59411,39016.10117,38864.60823,38713.11529,39340.31981,39967.52434,40594.72887,41221.9334,41849.13793,42476.34246,43103.54699,43730.75152,44357.95604
5TCANV,,,,,,,,,,,,,,12863.41,13372.562,13881.714,14390.866,14900.018,15409.17,16013.818,16618.466,17223.114,17827.762,18432.41,19185.81,19939.21,20692.61,21446.01,22199.41,23141.22,24083.03,25024.84,25966.65,26908.46,28022.246,29136.032,30249.818,31363.604,32477.39,32395.77453,32314.15906,32232.54359,32150.92812,32069.31265,32585.39791,33101.48318,33617.56844,34133.6537,34649.73897,35165.82423,35681.9095,36197.99476,36714.08003
5TCAOR,,,,,,,,,,,,,,15154.35,15465.068,15775.786,16086.504,16397.222,16707.94,16788.672,16869.404,16950.136,17030.868,17111.6,17058.436,17005.272,16952.108,16898.944,16845.78,16824.326,16802.872,16781.418,16759.964,16738.51,16787.714,16836.918,16886.122,16935.326,16984.53,16598.51787,16212.50573,15826.4936,15440.48146,15054.46933,14886.06526,14717.6612,14549.25713,14380.85306,14212.449,14044.04493,13875.64086,13707.2368,13538.83273
5TCOKS,,,,,,,,,,,,,,126282.6,128888.626,131494.652,134100.678,136706.704,139312.73,141832.358,144351.986,146871.614,149391.242,151910.87,155422.448,158934.026,162445.604,165957.182,169468.76,173497.04,177525.32,181553.6,185581.88,189610.16,194033.186,198456.212,202879.238,207302.264,211725.29,212282.8866,212840.4833,213398.0799,213955.6766,214513.2732,217003.5845,219493.8959,221984.2072,224474.5185,226964.8298,229455.1411,231945.4525,234435.7638,236926.0751
5TCONE,,,,,,,,,,,,,,10962.49,11306.702,11650.914,11995.126,12339.338,12683.55,13036.176,13388.802,13741.428,14094.054,14446.68,14722.414,14998.148,15273.882,15549.616,15825.35,16285.654,16745.958,17206.262,17666.566,18126.87,18665.074,19203.278,19741.482,20279.686,20817.89,20586.96838,20356.04676,20125.12513,19894.20351,19663.28189,19816.92308,19970.56427,20124.20546,20277.84665,20431.48783,20585.12902,20738.77021,20892.4114,21046.05259
5TCONM,,,,,,,,,,,,,,31646.64,31940.78,32234.92,32529.06,32823.2,33117.34,34104.066,35090.792,36077.518,37064.244,38050.97,39101.278,40151.586,41201.894,42252.202,43302.51,44437.264,45572.018,46706.772,47841.526,48976.28,50004.348,51032.416,52060.484,53088.552,54116.62,54631.57547,55146.53093,55661.4864,56176.44187,56691.39734,57462.90907,58234.4208,59005.93254,59777.44427,60548.956,61320.46774,62091.97947,62863.49121,63635.00294
5TCOUT,,,,,,,,,,,,,,36354.58,36617.286,36879.992,37142.698,37405.404,37668.11,37609.368,37550.626,37491.884,37433.142,37374.4,37370.986,37367.572,37364.158,37360.744,37357.33,37427.936,37498.542,37569.148,37639.754,37710.36,37923.726,38137.092,38350.458,38563.824,38777.19,38312.53962,37847.88923,37383.23885,36918.58847,36453.93808,36328.29589,36202.6537,36077.01151,35951.36932,35825.72712,35700.08493,35574.44274,35448.80055,35323.15836
5TCOWY,,,,,,,,,,,,,,13531.14,13670.344,13809.548,13948.752,14087.956,14227.16,14359.252,14491.344,14623.436,14755.528,14887.62,14946.384,15005.148,15063.912,15122.676,15181.44,15323.014,15464.588,15606.162,15747.736,15889.31,15951.294,16013.278,16075.262,16137.246,16199.23,16025.1154,15851.00081,15676.88621,15502.77162,15328.65702,15272.59173,15216.52643,15160.46113,15104.39583,15048.33054,14992.26524,14936.19994,14880.13464,14824.06935
5TCTMA,,,,,,,,,,,,,,12809.84,12862.414,12914.988,12967.562,13020.136,13072.71,13184.624,13296.538,13408.452,13520.366,13632.28,13768.418,13904.556,14040.694,14176.832,14312.97,14487.656,14662.342,14837.028,15011.714,15186.4,15370.24,15554.08,15737.92,15921.76,16105.6,15968.37797,15831.15594,15693.9339,15556.71187,15419.48984,15442.79882,15466.10781,15489.41679,15512.72578,15536.03476,15559.34374,15582.65273,15605.96171,15629.27069
5TCTNY,,,,,,,,,,,,,,16363.59,16806.202,17248.814,17691.426,18134.038,18576.65,19086.102,19595.554,20105.006,20614.458,21123.91,21700.516,22277.122,22853.728,23430.334,24006.94,24602.324,25197.708,25793.092,26388.476,26983.86,27648.948,28314.036,28979.124,29644.212,30309.3,29716.11136,29122.92272,28529.73407,27936.54543,27343.35679,27379.30647,27415.25615,27451.20582,27487.1555,27523.10518,27559.05486,27595.00454,27630.95422,27666.9039
5TCTRI,,,,,,,,,,,,,,1511.06,1527.854,1544.648,1561.442,1578.236,1595.03,1615.312,1635.594,1655.876,1676.158,1696.44,1710.476,1724.512,1738.548,1752.584,1766.62,1782.3,1797.98,1813.66,1829.34,1845.02,1859.944,1874.868,1889.792,1904.716,1919.64,1894.313896,1868.987793,1843.661689,1818.335585,1793.009482,1787.80843,1782.607378,1777.406326,1772.205275,1767.004223,1761.803171,1756.602119,1751.401067,1746.200015
5TDEMD,,,,,,,,,,,,,,10470.84,10480.418,10489.996,10499.574,10509.152,10518.73,10502.506,10486.282,10470.058,10453.834,10437.61,10410.3,10382.99,10355.68,10328.37,10301.06,10352.466,10403.872,10455.278,10506.684,10558.09,10615.39,10672.69,10729.99,10787.29,10844.59,10680.49485,10516.39969,10352.30454,10188.20938,10024.11423,9970.716648,9917.319071,9863.921493,9810.523916,9757.126338,9703.728761,9650.331184,9596.933606,9543.536029
5TDENJ,,,,,,,,,,,,,,12702.62,13007.794,13312.968,13618.142,13923.316,14228.49,14703.06,15177.63,15652.2,16126.77,16601.34,17252.198,17903.056,18553.914,19204.772,19855.63,20767.598,21679.566,22591.534,23503.502,24415.47,25259.48,26103.49,26947.5,27791.51,28635.52,27627.12008,26618.72017,25610.32025,24601.92033,23593.52042,23511.32546,23429.1305,23346.93554,23264.74058,23182.54562,23100.35066,23018.15571,22935.96075,22853.76579
5TDEPA,,,,,,,,,,,,,,4454.54,4605.9,4757.26,4908.62,5059.98,5211.34,5321.446,5431.552,5541.658,5651.764,5761.87,5808.676,5855.482,5902.288,5949.094,5995.9,6089.15,6182.4,6275.65,6368.9,6462.15,6550.226,6638.302,6726.378,6814.454,6902.53,6651.718794,6400.907588,6150.096382,5899.285177,5648.473971,5567.106368,5485.738765,5404.371162,5323.003559,5241.635956,5160.268353,5078.90075,4997.533147,4916.165545
5TFLAL,,,,,,,,,,,,,,4499.92,4493.284,4486.648,4480.012,4473.376,4466.74,4470.256,4473.772,4477.288,4480.804,4484.32,4499.028,4513.736,4528.444,4543.152,4557.86,4586.3,4614.74,4643.18,4671.62,4700.06,4712.688,4725.316,4737.944,4750.572,4763.2,4711.876391,4660.552781,4609.229172,4557.905563,4506.581953,4487.234149,4467.886344,4448.538539,4429.190735,4409.84293,4390.495125,4371.147321,4351.799516,4332.451712
5TFLGA,,,,,,,,,,,,,,14437.6,14501.59,14565.58,14629.57,14693.56,14757.55,14759.248,14760.946,14762.644,14764.342,14766.04,14758.746,14751.452,14744.158,14736.864,14729.57,14846.274,14962.978,15079.682,15196.386,15313.09,15339.912,15366.734,15393.556,15420.378,15447.2,15012.87262,14578.54525,14144.21787,13709.8905,13275.56312,13071.81043,12868.05775,12664.30506,12460.55237,12256.79968,12053.04699,11849.29431,11645.54162,11441.78893
5TGAAL,,,,,,,,,,,,,,24633.45,24638.326,24643.202,24648.078,24652.954,24657.83,24715.248,24772.666,24830.084,24887.502,24944.92,25141.438,25337.956,25534.474,25730.992,25927.51,26215.108,26502.706,26790.304,27077.902,27365.5,27731.604,28097.708,28463.812,28829.916,29196.02,29188.80027,29181.58054,29174.36081,29167.14108,29159.92135,29339.36348,29518.80562,29698.24775,29877.68989,30057.13202,30236.57416,30416.01629,30595.45843,30774.90056
5TGAFL,,,,,,,,,,,,,,56626.24,58142.172,59658.104,61174.036,62689.968,64205.9,65964.624,67723.348,69482.072,71240.796,72999.52,75025.23,77050.94,79076.65,81102.36,83128.07,85544.964,87961.858,90378.752,92795.646,95212.54,97564.162,99915.784,102267.406,104619.028,106970.65,106040.6189,105110.5877,104180.5566,103250.5255,102320.4943,103031.2898,103742.0852,104452.8806,105163.6761,105874.4715,106585.2669,107296.0624,108006.8578,108717.6532
5TGASC,,,,,,,,,,,,,,27343.32,27724.038,28104.756,28485.474,28866.192,29246.91,29736,30225.09,30714.18,31203.27,31692.36,32150.224,32608.088,33065.952,33523.816,33981.68,34609.716,35237.752,35865.788,36493.824,37121.86,37757.302,38392.744,39028.186,39663.628,40299.07,40098.08846,39897.10693,39696.12539,39495.14386,39294.16232,39511.39256,39728.62279,39945.85302,40163.08325,40380.31349,40597.54372,40814.77395,41032.00418,41249.23442
5TGATN,,,,,,,,,,,,,,16324.88,16504.966,16685.052,16865.138,17045.224,17225.31,17351.568,17477.826,17604.084,17730.342,17856.6,17937.09,18017.58,18098.07,18178.56,18259.05,18483.536,18708.022,18932.508,19156.994,19381.48,19569.842,19758.204,19946.566,20134.928,20323.29,19884.64399,19445.99799,19007.35198,18568.70598,18130.05997,18004.91797,17879.77597,17754.63397,17629.49196,17504.34996,17379.20796,17254.06596,17128.92395,17003.78195
5TIAIL,,,,,,,,,,,,,,157324.72,162733.858,168142.996,173552.134,178961.272,184370.41,190145.518,195920.626,201695.734,207470.842,213245.95,217626.588,222007.226,226387.864,230768.502,235149.14,243488.52,251827.9,260167.28,268506.66,276846.04,285230.692,293615.344,301999.996,310384.648,318769.3,314651.4397,310533.5795,306415.7192,302297.8589,298179.9986,300313.3945,302446.7904,304580.1862,306713.5821,308846.9779,310980.3738,313113.7697,315247.1655,317380.5614
5TIAMN,,,,,,,,,,,,,,6183.94,6339.85,6495.76,6651.67,6807.58,6963.49,7070.176,7176.862,7283.548,7390.234,7496.92,7622.058,7747.196,7872.334,7997.472,8122.61,8443.49,8764.37,9085.25,9406.13,9727.01,9932.602,10138.194,10343.786,10549.378,10754.97,10421.19637,10087.42274,9753.649111,9419.875482,9086.101852,9022.011038,8957.920223,8893.829408,8829.738593,8765.647779,8701.556964,8637.466149,8573.375334,8509.28452
5TIAMO,,,,,,,,,,,,,,110706.43,114592.944,118479.458,122365.972,126252.486,130139,134626.19,139113.38,143600.57,148087.76,152574.95,157665.648,162756.346,167847.044,172937.742,178028.44,185726.148,193423.856,201121.564,208819.272,216516.98,225231.29,233945.6,242659.91,251374.22,260088.53,256661.6167,253234.7034,249807.7902,246380.8769,242953.9636,245597.662,248241.3603,250885.0587,253528.7571,256172.4554,258816.1538,261459.8521,264103.5505,266747.2489
5TIANE,,,,,,,,,,,,,,47179.6,47389.368,47599.136,47808.904,48018.672,48228.44,48200.51,48172.58,48144.65,48116.72,48088.79,48572.278,49055.766,49539.254,50022.742,50506.23,51161.378,51816.526,52471.674,53126.822,53781.97,54538.05,55294.13,56050.21,56806.29,57562.37,57684.09966,57805.82933,57927.55899,58049.28865,58171.01832,58609.92315,59048.82798,59487.73281,59926.63764,60365.54248,60804.44731,61243.35214,61682.25697,62121.1618
5TIASD,,,,,,,,,,,,,,1913.01,2056.878,2200.746,2344.614,2488.482,2632.35,2709.646,2786.942,2864.238,2941.534,3018.83,3052.206,3085.582,3118.958,3152.334,3185.71,3291.262,3396.814,3502.366,3607.918,3713.47,3737.088,3760.706,3784.324,3807.942,3831.56,3518.761862,3205.963724,2893.165586,2580.367448,2267.56931,2122.979241,1978.389172,1833.799104,1689.209035,1544.618966,1400.028897,1255.438828,1110.848759,966.2586898
5TIAWI,,,,,,,,,,,,,,10513.1,11322.844,12132.588,12942.332,13752.076,14561.82,15012.312,15462.804,15913.296,16363.788,16814.28,16887.006,16959.732,17032.458,17105.184,17177.91,18099.318,19020.726,19942.134,20863.542,21784.95,22039.642,22294.334,22549.026,22803.718,23058.41,21459.67446,19860.93892,18262.20337,16663.46783,15064.73229,14392.71052,13720.68875,13048.66698,12376.64521,11704.62343,11032.60166,10360.57989,9688.558122,9016.536351
5TIDMT,,,,,,,,,,,,,,9183.28,9253.942,9324.604,9395.266,9465.928,9536.59,9612.018,9687.446,9762.874,9838.302,9913.73,10054.832,10195.934,10337.036,10478.138,10619.24,10841.108,11062.976,11284.844,11506.712,11728.58,11864.298,12000.016,12135.734,12271.452,12407.17,12004.03911,11600.90823,11197.77734,10794.64646,10391.51557,10257.80913,10124.10269,9990.396245,9856.689802,9722.983359,9589.276916,9455.570474,9321.864031,9188.157588
5TIDNV,,,,,,,,,,,,,,5217.31,5266.254,5315.198,5364.142,5413.086,5462.03,5506.678,5551.326,5595.974,5640.622,5685.27,5783.794,5882.318,5980.842,6079.366,6177.89,6291.472,6405.054,6518.636,6632.218,6745.8,6855.584,6965.368,7075.152,7184.936,7294.72,7303.096971,7311.473943,7319.850914,7328.227885,7336.604857,7395.685342,7454.765828,7513.846314,7572.926799,7632.007285,7691.087771,7750.168256,7809.248742,7868.329228
5TIDOR,,,,,,,,,,,,,,19024.47,19154.552,19284.634,19414.716,19544.798,19674.88,19918.228,20161.576,20404.924,20648.272,20891.62,21323.55,21755.48,22187.41,22619.34,23051.27,23658.432,24265.594,24872.756,25479.918,26087.08,26614.924,27142.768,27670.612,28198.456,28726.3,28563.74315,28401.1863,28238.62945,28076.0726,27913.51575,28096.15933,28278.8029,28461.44648,28644.09005,28826.73363,29009.3772,29192.02078,29374.66435,29557.30793
5TIDUT,,,,,,,,,,,,,,18359,19080.346,19801.692,20523.038,21244.384,21965.73,22805.42,23645.11,24484.8,25324.49,26164.18,27235.43,28306.68,29377.93,30449.18,31520.43,32776.852,34033.274,35289.696,36546.118,37802.54,38759.284,39716.028,40672.772,41629.516,42586.26,40752.32888,38918.39776,37084.46664,35250.53552,33416.6044,32978.01084,32539.41728,32100.82372,31662.23016,31223.6366,30785.04304,30346.44948,29907.85592,29469.26236
5TIDWA,,,,,,,,,,,,,,17765.65,18250.83,18736.01,19221.19,19706.37,20191.55,20938.546,21685.542,22432.538,23179.534,23926.53,24681.566,25436.602,26191.638,26946.674,27701.71,28653.124,29604.538,30555.952,31507.366,32458.78,33446.432,34434.084,35421.736,36409.388,37397.04,37365.24017,37333.44034,37301.64052,37269.84069,37238.04086,37715.96694,38193.89303,38671.81912,39149.7452,39627.67129,40105.59737,40583.52346,41061.44955,41539.37563
5TIDWY,,,,,,,,,,,,,,256.14,277.254,298.368,319.482,340.596,361.71,391.172,420.634,450.096,479.558,509.02,564.472,619.924,675.376,730.828,786.28,857.542,928.804,1000.066,1071.328,1142.59,1163.814,1185.038,1206.262,1227.486,1248.71,1136.820342,1024.930685,913.0410273,801.1513697,689.2617121,643.9288833,598.5960545,553.2632258,507.930397,462.5975682,417.2647394,371.9319106,326.5990818,281.266253
5TILIA,,,,,,,,,,,,,,17704.09,17578.558,17453.026,17327.494,17201.962,17076.43,17209.382,17342.334,17475.286,17608.238,17741.19,18073.63,18406.07,18738.51,19070.95,19403.39,19615.808,19828.226,20040.644,20253.062,20465.48,20839.472,21213.464,21587.456,21961.448,22335.44,22524.4988,22713.5576,22902.61641,23091.67521,23280.73401,23562.25941,23843.78481,24125.31022,24406.83562,24688.36102,24969.88642,25251.41182,25532.93722,25814.46262
5TILIN,,,,,,,,,,,,,,183886.58,189101.676,194316.772,199531.868,204746.964,209962.06,216100.768,222239.476,228378.184,234516.892,240655.6,247532.916,254410.232,261287.548,268164.864,275042.18,283883.67,292725.16,301566.65,310408.14,319249.63,328834.856,338420.082,348005.308,357590.534,367175.76,359799.1322,352422.5043,345045.8765,337669.2486,330292.6208,331396.9199,332501.219,333605.518,334709.8171,335814.1162,336918.4153,338022.7144,339127.0134,340231.3125
5TILKY,,,,,,,,,,,,,,22274.79,23297.844,24320.898,25343.952,26367.006,27390.06,28961.264,30532.468,32103.672,33674.876,35246.08,36817.876,38389.672,39961.468,41533.264,43105.06,45199.38,47293.7,49388.02,51482.34,53576.66,55700.834,57825.008,59949.182,62073.356,64197.53,63158.8061,62120.08219,61081.35829,60042.63439,59003.91048,59546.63553,60089.36058,60632.08563,61174.81068,61717.53573,62260.26078,62802.98582,63345.71087,63888.43592
5TILMO,,,,,,,,,,,,,,38669.81,38829.45,38989.09,39148.73,39308.37,39468.01,39849.804,40231.598,40613.392,40995.186,41376.98,42197.214,43017.448,43837.682,44657.916,45478.15,46194.876,46911.602,47628.328,48345.054,49061.78,49890.67,50719.56,51548.45,52377.34,53206.23,53230.4103,53254.5906,53278.7709,53302.9512,53327.1315,53753.66665,54180.2018,54606.73695,55033.2721,55459.80725,55886.3424,56312.87755,56739.4127,57165.94785
5TILWI,,,,,,,,,,,,,,29363.58,29464.672,29565.764,29666.856,29767.948,29869.04,30049.262,30229.484,30409.706,30589.928,30770.15,31006.05,31241.95,31477.85,31713.75,31949.65,32282.702,32615.754,32948.806,33281.858,33614.91,33969.006,34323.102,34677.198,35031.294,35385.39,35435.88378,35486.37757,35536.87135,35587.36513,35637.85892,35840.15381,36042.4487,36244.74359,36447.03848,36649.33338,36851.62827,37053.92316,37256.21805,37458.51294
5TINIL,,,,,,,,,,,,,,88649.98,90320.978,91991.976,93662.974,95333.972,97004.97,98966.438,100927.906,102889.374,104850.842,106812.31,109093.444,111374.578,113655.712,115936.846,118217.98,120716.508,123215.036,125713.564,128212.092,130710.62,133734.892,136759.164,139783.436,142807.708,145831.98,143874.4285,141916.8771,139959.3256,138001.7741,136044.2226,136577.5829,137110.9432,137644.3034,138177.6637,138711.024,139244.3842,139777.7445,140311.1047,140844.465
5TINKY,,,,,,,,,,,,,,63344.46,64944.354,66544.248,68144.142,69744.036,71343.93,73422.034,75500.138,77578.242,79656.346,81734.45,84519.338,87304.226,90089.114,92874.002,95658.89,99417.68,103176.47,106935.26,110694.05,114452.84,118942.394,123431.948,127921.502,132411.056,136900.61,135484.0255,134067.441,132650.8565,131234.272,129817.6875,131354.1722,132890.657,134427.1417,135963.6265,137500.1112,139036.596,140573.0807,142109.5654,143646.0502
5TINMI,,,,,,,,,,,,,,20337.36,20503.134,20668.908,20834.682,21000.456,21166.23,21469.49,21772.75,22076.01,22379.27,22682.53,22980.996,23279.462,23577.928,23876.394,24174.86,24637.01,25099.16,25561.31,26023.46,26485.61,26983.022,27480.434,27977.846,28475.258,28972.67,28919.63574,28866.60148,28813.56722,28760.53296,28707.4987,28929.68757,29151.87644,29374.06531,29596.25418,29818.44305,30040.63192,30262.82079,30485.00966,30707.19852
5TINOH,,,,,,,,,,,,,,98582.41,101398.206,104214.002,107029.798,109845.594,112661.39,116029.814,119398.238,122766.662,126135.086,129503.51,133155.516,136807.522,140459.528,144111.534,147763.54,152205.366,156647.192,161089.018,165530.844,169972.67,174712.15,179451.63,184191.11,188930.59,193670.07,190121.9004,186573.7309,183025.5613,179477.3918,175929.2222,176524.8774,177120.5326,177716.1879,178311.8431,178907.4983,179503.1535,180098.8087,180694.4639,181290.1192
5TKSCO,,,,,,,,,,,,,,6173.27,6231.706,6290.142,6348.578,6407.014,6465.45,6534.676,6603.902,6673.128,6742.354,6811.58,6926.684,7041.788,7156.892,7271.996,7387.1,7527.254,7667.408,7807.562,7947.716,8087.87,8236.67,8385.47,8534.27,8683.07,8831.87,8842.254436,8852.638872,8863.023309,8873.407745,8883.792181,8963.384399,9042.976617,9122.568835,9202.161054,9281.753272,9361.34549,9440.937708,9520.529926,9600.122144
5TKSMO,,,,,,,,,,,,,,24057.62,24151.298,24244.976,24338.654,24432.332,24526.01,24778.476,25030.942,25283.408,25535.874,25788.34,26081.072,26373.804,26666.536,26959.268,27252,27671.672,28091.344,28511.016,28930.688,29350.36,29840.054,30329.748,30819.442,31309.136,31798.83,31703.25992,31607.68983,31512.11975,31416.54966,31320.97958,31518.04154,31715.10349,31912.16545,32109.22741,32306.28937,32503.35132,32700.41328,32897.47524,33094.5372
5TKSNE,,,,,,,,,,,,,,6864,6922.682,6981.364,7040.046,7098.728,7157.41,7199.94,7242.47,7285,7327.53,7370.06,7468.544,7567.028,7665.512,7763.996,7862.48,7980.568,8098.656,8216.744,8334.832,8452.92,8602.772,8752.624,8902.476,9052.328,9202.18,9203.207025,9204.23405,9205.261075,9206.2881,9207.315125,9282.754638,9358.19415,9433.633663,9509.073175,9584.512688,9659.9522,9735.391713,9810.831225,9886.270738
5TKSOK,,,,,,,,,,,,,,148767.49,151497.718,154227.946,156958.174,159688.402,162418.63,164809.248,167199.866,169590.484,171981.102,174371.72,178033.606,181695.492,185357.378,189019.264,192681.15,196844.678,201008.206,205171.734,209335.262,213498.79,218063.798,222628.806,227193.814,231758.822,236323.83,237124.7375,237925.645,238726.5526,239527.4601,240328.3676,243011.3253,245694.2831,248377.2409,251060.1986,253743.1564,256426.1141,259109.0719,261792.0297,264474.9874
5TKYIL,,,,,,,,,,,,,,2902.31,2934.784,2967.258,2999.732,3032.206,3064.68,3104.606,3144.532,3184.458,3224.384,3264.31,3316.248,3368.186,3420.124,3472.062,3524,3588.498,3652.996,3717.494,3781.992,3846.49,3910.332,3974.174,4038.016,4101.858,4165.7,4133.396186,4101.092372,4068.788558,4036.484744,4004.18093,4019.950023,4035.719116,4051.488209,4067.257302,4083.026395,4098.795488,4114.564581,4130.333674,4146.102767
5TKYIN,,,,,,,,,,,,,,21562.29,22104.434,22646.578,23188.722,23730.866,24273.01,24996.608,25720.206,26443.804,27167.402,27891,29078.37,30265.74,31453.11,32640.48,33827.85,35177.268,36526.686,37876.104,39225.522,40574.94,41821.784,43068.628,44315.472,45562.316,46809.16,45716.8325,44624.50501,43532.17751,42439.85002,41347.52252,41424.78077,41502.03902,41579.29728,41656.55553,41733.81378,41811.07203,41888.33028,41965.58854,42042.84679
5TKYOH,,,,,,,,,,,,,,24450.98,25013.698,25576.416,26139.134,26701.852,27264.57,27583.102,27901.634,28220.166,28538.698,28857.23,29480.12,30103.01,30725.9,31348.79,31971.68,32350.678,32729.676,33108.674,33487.672,33866.67,34441.37,35016.07,35590.77,36165.47,36740.17,36185.79648,35631.42296,35077.04944,34522.67592,33968.3024,33978.46563,33988.62887,33998.79211,34008.95535,34019.11859,34029.28183,34039.44507,34049.60831,34059.77155
5TKYTN,,,,,,,,,,,,,,127339.73,130717.164,134094.598,137472.032,140849.466,144226.9,147776.644,151326.388,154876.132,158425.876,161975.62,167096.476,172217.332,177338.188,182459.044,187579.9,192592.568,197605.236,202617.904,207630.572,212643.24,218554.89,224466.54,230378.19,236289.84,242201.49,240633.1265,239064.7631,237496.3996,235928.0361,234359.6727,236531.3159,238702.9592,240874.6025,243046.2457,245217.889,247389.5323,249561.1755,251732.8188,253904.4621
5TKYWV,,,,,,,,,,,,,,36686.53,38225.508,39764.486,41303.464,42842.442,44381.42,45502.026,46622.632,47743.238,48863.844,49984.45,52122.386,54260.322,56398.258,58536.194,60674.13,62486.516,64298.902,66111.288,67923.674,69736.06,72393.302,75050.544,77707.786,80365.028,83022.27,82281.06538,81539.86076,80798.65613,80057.45151,79316.24689,80274.26558,81232.28427,82190.30296,83148.32165,84106.34034,85064.35903,86022.37772,86980.3964,87938.41509
5TLAAR,,,,,,,,,,,,,,4108.32,4123.468,4138.616,4153.764,4168.912,4184.06,4171.288,4158.516,4145.744,4132.972,4120.2,4092.634,4065.068,4037.502,4009.936,3982.37,3948.608,3914.846,3881.084,3847.322,3813.56,3823.896,3834.232,3844.568,3854.904,3865.24,3775.751916,3686.263831,3596.775747,3507.287662,3417.799578,3378.223535,3338.647493,3299.071451,3259.495409,3219.919366,3180.343324,3140.767282,3101.19124,3061.615197
5TLAMS,,,,,,,,,,,,,,23830.5,24432.426,25034.352,25636.278,26238.204,26840.13,27470.99,28101.85,28732.71,29363.57,29994.43,30640.73,31287.03,31933.33,32579.63,33225.93,34031.872,34837.814,35643.756,36449.698,37255.64,38420.936,39586.232,40751.528,41916.824,43082.12,41864.17931,40646.23862,39428.29793,38210.35725,36992.41656,36966.09421,36939.77187,36913.44952,36887.12718,36860.80483,36834.48249,36808.16015,36781.8378,36755.51546
5TLATX,,,,,,,,,,,,,,18392.65,18759.566,19126.482,19493.398,19860.314,20227.23,20523.606,20819.982,21116.358,21412.734,21709.11,21995.83,22282.55,22569.27,22855.99,23142.71,23426.778,23710.846,23994.914,24278.982,24563.05,24941.78,25320.51,25699.24,26077.97,26456.7,25878.79541,25300.89083,24722.98624,24145.08166,23567.17707,23467.58978,23368.00248,23268.41519,23168.8279,23069.2406,22969.65331,22870.06602,22770.47872,22670.89143
5TMACT,,,,,,,,,,,,,,13348.43,13725.282,14102.134,14478.986,14855.838,15232.69,15691.078,16149.466,16607.854,17066.242,17524.63,18010.51,18496.39,18982.27,19468.15,19954.03,20488.214,21022.398,21556.582,22090.766,22624.95,23172.644,23720.338,24268.032,24815.726,25363.42,24802.85878,24242.29755,23681.73633,23121.1751,22560.61388,22554.18026,22547.74665,22541.31304,22534.87943,22528.44582,22522.0122,22515.57859,22509.14498,22502.71137
5TMAMI,,,,,,,,,,,,,,2.69,2.62,2.55,2.48,2.41,2.34,2.282,2.224,2.166,2.108,2.05,2,1.95,1.9,1.85,1.8,1.764,1.728,1.692,1.656,1.62,1.582,1.544,1.506,1.468,1.43,1.435184416,1.440368831,1.445553247,1.450737663,1.455922079,1.439514286,1.423106494,1.406698702,1.39029091,1.373883118,1.357475326,1.341067534,1.324659741,1.308251949
5TMANH,,,,,,,,,,,,,,9515.11,9580.734,9646.358,9711.982,9777.606,9843.23,9971.388,10099.546,10227.704,10355.862,10484.02,10599.058,10714.096,10829.134,10944.172,11059.21,11260.628,11462.046,11663.464,11864.882,12066.3,12296.294,12526.288,12756.282,12986.276,13216.27,13193.2343,13170.1986,13147.1629,13124.1272,13101.0915,13204.57065,13308.04979,13411.52894,13515.00809,13618.48724,13721.96639,13825.44554,13928.92469,14032.40384
5TMANY,,,,,,,,,,,,,,1580.1,1605.704,1631.308,1656.912,1682.516,1708.12,1741.878,1775.636,1809.394,1843.152,1876.91,1910.624,1944.338,1978.052,2011.766,2045.48,2082.048,2118.616,2155.184,2191.752,2228.32,2265.496,2302.672,2339.848,2377.024,2414.2,2400.213467,2386.226935,2372.240402,2358.253869,2344.267337,2355.86207,2367.456804,2379.051538,2390.646271,2402.241005,2413.835739,2425.430472,2437.025206,2448.61994
5TMARI,,,,,,,,,,,,,,1527.03,1563.136,1599.242,1635.348,1671.454,1707.56,1762.356,1817.152,1871.948,1926.744,1981.54,2023.714,2065.888,2108.062,2150.236,2192.41,2245.398,2298.386,2351.374,2404.362,2457.35,2506.578,2555.806,2605.034,2654.262,2703.49,2632.233941,2560.977881,2489.721822,2418.465763,2347.209703,2336.195674,2325.181644,2314.167614,2303.153585,2292.139555,2281.125525,2270.111496,2259.097466,2248.083436
5TMAVT,,,,,,,,,,,,,,104.84,106.358,107.876,109.394,110.912,112.43,114.47,116.51,118.55,120.59,122.63,125.264,127.898,130.532,133.166,135.8,138.406,141.012,143.618,146.224,148.83,151.238,153.646,156.054,158.462,160.87,158.1473979,155.4247958,152.7021937,149.9795916,147.2569895,147.0996885,146.9423874,146.7850864,146.6277853,146.4704843,146.3131832,146.1558822,145.9985811,145.8412801
5TMDDE,,,,,,,,,,,,,,23385.61,23631.528,23877.446,24123.364,24369.282,24615.2,25371.398,26127.596,26883.794,27639.992,28396.19,29578.7,30761.21,31943.72,33126.23,34308.74,35767.848,37226.956,38686.064,40145.172,41604.28,43045.758,44487.236,45928.714,47370.192,48811.67,48797.46169,48783.25337,48769.04506,48754.83675,48740.62843,49454.26328,50167.89812,50881.53296,51595.16781,52308.80265,53022.4375,53736.07234,54449.70718,55163.34203
5TMDPA,,,,,,,,,,,,,,65833.96,66584.948,67335.936,68086.924,68837.912,69588.9,70794.76,72000.62,73206.48,74412.34,75618.2,77226.512,78834.824,80443.136,82051.448,83659.76,85851.206,88042.652,90234.098,92425.544,94616.99,96775.918,98934.846,101093.774,103252.702,105411.63,103982.1879,102552.7458,101123.3037,99693.86156,98264.41945,98629.16239,98993.90534,99358.64828,99723.39123,100088.1342,100452.8771,100817.6201,101182.363,101547.106
5TMDVA,,,,,,,,,,,,,,8453.3,8397.272,8341.244,8285.216,8229.188,8173.16,8179.42,8185.68,8191.94,8198.2,8204.46,8225.834,8247.208,8268.582,8289.956,8311.33,8410.376,8509.422,8608.468,8707.514,8806.56,8884.422,8962.284,9040.146,9118.008,9195.87,9087.091971,8978.313942,8869.535913,8760.757883,8651.979854,8636.52184,8621.063825,8605.605811,8590.147796,8574.689781,8559.231767,8543.773752,8528.315738,8512.857723
5TMDWV,,,,,,,,,,,,,,33086.9,33445.414,33803.928,34162.442,34520.956,34879.47,35980.394,37081.318,38182.242,39283.166,40384.09,41608.89,42833.69,44058.49,45283.29,46508.09,48679.428,50850.766,53022.104,55193.442,57364.78,59093.396,60822.012,62550.628,64279.244,66007.86,63889.48366,61771.10732,59652.73099,57534.35465,55415.97831,55221.09814,55026.21797,54831.3378,54636.45763,54441.57746,54246.6973,54051.81713,53856.93696,53662.05679
5TMENH,,,,,,,,,,,,,,6824.54,7087.726,7350.912,7614.098,7877.284,8140.47,8632.658,9124.846,9617.034,10109.222,10601.41,11044.036,11486.662,11929.288,12371.914,12814.54,13393.318,13972.096,14550.874,15129.652,15708.43,16137.436,16566.442,16995.448,17424.454,17853.46,16983.00386,16112.54773,15242.09159,14371.63545,13501.17932,13280.45425,13059.72918,12839.00411,12618.27905,12397.55398,12176.82891,11956.10384,11735.37877,11514.6537
5TMIIN,,,,,,,,,,,,,,17832.49,19061.68,20290.87,21520.06,22749.25,23978.44,25318.12,26657.8,27997.48,29337.16,30676.84,32670.642,34664.444,36658.246,38652.048,40645.85,42510.372,44374.894,46239.416,48103.938,49968.46,52209.462,54450.464,56691.466,58932.468,61173.47,59120.97465,57068.4793,55015.98395,52963.4886,50910.99326,51005.24658,51099.49991,51193.75323,51288.00656,51382.25988,51476.51321,51570.76653,51665.01986,51759.27318
5TMIMA,,,,,,,,,,,,,,4.51,5.1,5.69,6.28,6.87,7.46,8.3,9.14,9.98,10.82,11.66,12.814,13.968,15.122,16.276,17.43,19.002,20.574,22.146,23.718,25.29,27.542,29.794,32.046,34.298,36.55,34.83065485,33.11130969,31.39196454,29.67261938,27.95327423,28.21960165,28.48592908,28.7522565,29.01858392,29.28491135,29.55123877,29.81756619,30.08389361,30.35022104
5TMIOH,,,,,,,,,,,,,,18900.32,19834.74,20769.16,21703.58,22638,23572.42,24771.52,25970.62,27169.72,28368.82,29567.92,31039.054,32510.188,33981.322,35452.456,36923.59,38552.826,40182.062,41811.298,43440.534,45069.77,47250.266,49430.762,51611.258,53791.754,55972.25,55661.81044,55351.37088,55040.93132,54730.49176,54420.0522,55355.08042,56290.10864,57225.13686,58160.16508,59095.1933,60030.22152,60965.24974,61900.27796,62835.30618
5TMIVT,,,,,,,,,,,,,,276.66,287.026,297.392,307.758,318.124,328.49,340.7,352.91,365.12,377.33,389.54,405.188,420.836,436.484,452.132,467.78,487.782,507.784,527.786,547.788,567.79,591.37,614.95,638.53,662.11,685.69,682.1407082,678.5914164,675.0421246,671.4928329,667.9435411,677.9588952,687.9742493,697.9896034,708.0049575,718.0203116,728.0356657,738.0510198,748.0663739,758.081728
5TMIWI,,,,,,,,,,,,,,2716.35,2842.526,2968.702,3094.878,3221.054,3347.23,3510.748,3674.266,3837.784,4001.302,4164.82,4381.324,4597.828,4814.332,5030.836,5247.34,5484.276,5721.212,5958.148,6195.084,6432.02,6735.526,7039.032,7342.538,7646.044,7949.55,7941.29029,7933.03058,7924.77087,7916.51116,7908.25145,8055.874595,8203.49774,8351.120885,8498.74403,8646.367175,8793.99032,8941.613464,9089.236609,9236.859754
5TMNIA,,,,,,,,,,,,,,20044.71,20360.758,20676.806,20992.854,21308.902,21624.95,21959.068,22293.186,22627.304,22961.422,23295.54,23712.748,24129.956,24547.164,24964.372,25381.58,26031.694,26681.808,27331.922,27982.036,28632.15,29336.214,30040.278,30744.342,31448.406,32152.47,32161.7799,32171.08979,32180.39969,32189.70959,32199.01948,32555.70643,32912.39338,33269.08033,33625.76728,33982.45423,34339.14117,34695.82812,35052.51507,35409.20202
5TMNND,,,,,,,,,,,,,,11013.83,11285.244,11556.658,11828.072,12099.486,12370.9,12835.824,13300.748,13765.672,14230.596,14695.52,15318.608,15941.696,16564.784,17187.872,17810.96,18634.66,19458.36,20282.06,21105.76,21929.46,22873.614,23817.768,24761.922,25706.076,26650.23,26904.45609,27158.68218,27412.90826,27667.13435,27921.36044,28520.55048,29119.74053,29718.93057,30318.12061,30917.31066,31516.5007,32115.69074,32714.88079,33314.07083
5TMNSD,,,,,,,,,,,,,,2754.4,2828.668,2902.936,2977.204,3051.472,3125.74,3199.686,3273.632,3347.578,3421.524,3495.47,3584.832,3674.194,3763.556,3852.918,3942.28,4041.296,4140.312,4239.328,4338.344,4437.36,4555.994,4674.628,4793.262,4911.896,5030.53,5018.554023,5006.578047,4994.60207,4982.626093,4970.650116,5023.979128,5077.30814,5130.637151,5183.966163,5237.295175,5290.624186,5343.953198,5397.28221,5450.611221
5TMNWI,,,,,,,,,,,,,,68457.77,69969.614,71481.458,72993.302,74505.146,76016.99,77716.922,79416.854,81116.786,82816.718,84516.65,86428.506,88340.362,90252.218,92164.074,94075.93,96375.864,98675.798,100975.732,103275.666,105575.6,108087.532,110599.464,113111.396,115623.328,118135.26,117658.0262,117180.7924,116703.5585,116226.3247,115749.0909,116766.44,117783.7891,118801.1382,119818.4873,120835.8364,121853.1855,122870.5346,123887.8836,124905.2327
5TMOAR,,,,,,,,,,,,,,53376.02,55089.41,56802.8,58516.19,60229.58,61942.97,63411.292,64879.614,66347.936,67816.258,69284.58,71032.392,72780.204,74528.016,76275.828,78023.64,80784.938,83546.236,86307.534,89068.832,91830.13,94977.098,98124.066,101271.034,104418.002,107564.97,105684.1401,103803.3103,101922.4804,100041.6505,98160.82064,98793.8897,99426.95877,100060.0278,100693.0969,101326.166,101959.235,102592.3041,103225.3731,103858.4422
5TMOIA,,,,,,,,,,,,,,14080.15,14305.47,14530.79,14756.11,14981.43,15206.75,15549.75,15892.75,16235.75,16578.75,16921.75,17393.758,17865.766,18337.774,18809.782,19281.79,19824.328,20366.866,20909.404,21451.942,21994.48,22594.142,23193.804,23793.466,24393.128,24992.79,25127.22766,25261.66532,25396.10298,25530.54065,25664.97831,26032.02814,26399.07797,26766.1278,27133.17763,27500.22746,27867.27729,28234.32712,28601.37695,28968.42678
5TMOIL,,,,,,,,,,,,,,83087.78,86608.536,90129.292,93650.048,97170.804,100691.56,105144.338,109597.116,114049.894,118502.672,122955.45,127944.058,132932.666,137921.274,142909.882,147898.49,154590.438,161282.386,167974.334,174666.282,181358.23,187908.638,194459.046,201009.454,207559.862,214110.27,207943.2236,201776.1773,195609.1309,189442.0845,183275.0382,183466.719,183658.3998,183850.0806,184041.7615,184233.4423,184425.1231,184616.8039,184808.4847,185000.1655
5TMOKS,,,,,,,,,,,,,,23483.83,24395.198,25306.566,26217.934,27129.302,28040.67,29447.71,30854.75,32261.79,33668.83,35075.87,36640.204,38204.538,39768.872,41333.206,42897.54,44820.4,46743.26,48666.12,50588.98,52511.84,54140.142,55768.444,57396.746,59025.048,60653.35,58941.67261,57229.99521,55518.31782,53806.64042,52094.96303,52053.27533,52011.58763,51969.89994,51928.21224,51886.52454,51844.83684,51803.14915,51761.46145,51719.77375
5TMOOK,,,,,,,,,,,,,,25959.59,26276.738,26593.886,26911.034,27228.182,27545.33,27873.694,28202.058,28530.422,28858.786,29187.15,29864.152,30541.154,31218.156,31895.158,32572.16,33298.982,34025.804,34752.626,35479.448,36206.27,36996.16,37786.05,38575.94,39365.83,40155.72,40169.67174,40183.62348,40197.57522,40211.52695,40225.47869,40627.39956,41029.32043,41431.2413,41833.16217,42235.08304,42637.00391,43038.92478,43440.84565,43842.76652
5TMOTN,,,,,,,,,,,,,,3893.84,3955.284,4016.728,4078.172,4139.616,4201.06,4249.69,4298.32,4346.95,4395.58,4444.21,4483.394,4522.578,4561.762,4600.946,4640.13,4675.862,4711.594,4747.326,4783.058,4818.79,4843.708,4868.626,4893.544,4918.462,4943.38,4835.386071,4727.392141,4619.398212,4511.404282,4403.410353,4361.872388,4320.334423,4278.796458,4237.258494,4195.720529,4154.182564,4112.644599,4071.106635,4029.56867
5TMSAL,,,,,,,,,,,,,,58383.2,59722.262,61061.324,62400.386,63739.448,65078.51,67527.152,69975.794,72424.436,74873.078,77321.72,80058.352,82794.984,85531.616,88268.248,91004.88,93758.832,96512.784,99266.736,102020.688,104774.64,107996.242,111217.844,114439.446,117661.048,120882.65,120877.3921,120872.1341,120866.8762,120861.6182,120856.3603,122464.5323,124072.7043,125680.8764,127289.0484,128897.2204,130505.3924,132113.5645,133721.7365,135329.9085
5TMSLA,,,,,,,,,,,,,,17162.06,17304.488,17446.916,17589.344,17731.772,17874.2,18130.824,18387.448,18644.072,18900.696,19157.32,19508.26,19859.2,20210.14,20561.08,20912.02,21265.214,21618.408,21971.602,22324.796,22677.99,22988.51,23299.03,23609.55,23920.07,24230.59,24128.24131,24025.89262,23923.54394,23821.19525,23718.84656,23822.93221,23927.01787,24031.10353,24135.18918,24239.27484,24343.36049,24447.44615,24551.53181,24655.61746
5TMSTN,,,,,,,,,,,,,,12700.69,12773.036,12845.382,12917.728,12990.074,13062.42,13276.668,13490.916,13705.164,13919.412,14133.66,14363.644,14593.628,14823.612,15053.596,15283.58,15488.502,15693.424,15898.346,16103.268,16308.19,16548.398,16788.606,17028.814,17269.022,17509.23,17389.99179,17270.75358,17151.51537,17032.27716,16913.03896,16973.52385,17034.00875,17094.49364,17154.97854,17215.46343,17275.94833,17336.43322,17396.91812,17457.40302
5TMTID,,,,,,,,,,,,,,25324.13,25826.55,26328.97,26831.39,27333.81,27836.23,28623.682,29411.134,30198.586,30986.038,31773.49,32650.114,33526.738,34403.362,35279.986,36156.61,37270.912,38385.214,39499.516,40613.818,41728.12,42934.82,44141.52,45348.22,46554.92,47761.62,47893.06928,48024.51857,48155.96785,48287.41713,48418.86641,49087.94106,49757.0157,50426.09034,51095.16498,51764.23962,52433.31426,53102.3889,53771.46355,54440.53819
5TMTND,,,,,,,,,,,,,,52363.77,52899.1,53434.43,53969.76,54505.09,55040.42,55543.676,56046.932,56550.188,57053.444,57556.7,57925.858,58295.016,58664.174,59033.332,59402.49,60006.128,60609.766,61213.404,61817.042,62420.68,62943.946,63467.212,63990.478,64513.744,65037.01,64408.59177,63780.17354,63151.75532,62523.33709,61894.91886,61842.34275,61789.76663,61737.19052,61684.6144,61632.03829,61579.46218,61526.88606,61474.30995,61421.73383
5TMTWY,,,,,,,,,,,,,,4823.19,4852.812,4882.434,4912.056,4941.678,4971.3,5015.356,5059.412,5103.468,5147.524,5191.58,5213.172,5234.764,5256.356,5277.948,5299.54,5334.296,5369.052,5403.808,5438.564,5473.32,5534.644,5595.968,5657.292,5718.616,5779.94,5680.593551,5581.247102,5481.900653,5382.554203,5283.207754,5264.19653,5245.185305,5226.174081,5207.162856,5188.151631,5169.140407,5150.129182,5131.117958,5112.106733
5TNCSC,,,,,,,,,,,,,,57316.76,57466.88,57617,57767.12,57917.24,58067.36,58531.576,58995.792,59460.008,59924.224,60388.44,60922.342,61456.244,61990.146,62524.048,63057.95,63799.104,64540.258,65281.412,66022.566,66763.72,67707.812,68651.904,69595.996,70540.088,71484.18,71428.34847,71372.51694,71316.6854,71260.85387,71205.02234,71649.15258,72093.28281,72537.41304,72981.54328,73425.67351,73869.80375,74313.93398,74758.06421,75202.19445
5TNCTN,,,,,,,,,,,,,,3801.21,3827.592,3853.974,3880.356,3906.738,3933.12,3972.542,4011.964,4051.386,4090.808,4130.23,4172.632,4215.034,4257.436,4299.838,4342.24,4391.484,4440.728,4489.972,4539.216,4588.46,4642.49,4696.52,4750.55,4804.58,4858.61,4827.57974,4796.54948,4765.51922,4734.488961,4703.458701,4714.958571,4726.458441,4737.958311,4749.458181,4760.958051,4772.457921,4783.957791,4795.457661,4806.957531
5TNCVA,,,,,,,,,,,,,,28364.22,28731.796,29099.372,29466.948,29834.524,30202.1,30754.756,31307.412,31860.068,32412.724,32965.38,33306.102,33646.824,33987.546,34328.268,34668.99,35256.346,35843.702,36431.058,37018.414,37605.77,38129.188,38652.606,39176.024,39699.442,40222.86,39894.58211,39566.30423,39238.02634,38909.74846,38581.47057,38679.04063,38776.61069,38874.18075,38971.7508,39069.32086,39166.89092,39264.46098,39362.03103,39459.60109
5TNDMN,,,,,,,,,,,,,,72899.14,73674.596,74450.052,75225.508,76000.964,76776.42,77544.112,78311.804,79079.496,79847.188,80614.88,81307.378,81999.876,82692.374,83384.872,84077.37,85031.206,85985.042,86938.878,87892.714,88846.55,89731.41,90616.27,91501.13,92385.99,93270.85,92464.92518,91659.00037,90853.07555,90047.15074,89241.22592,89280.69351,89320.1611,89359.62869,89399.09629,89438.56388,89478.03147,89517.49906,89556.96665,89596.43425
5TNDMT,,,,,,,,,,,,,,8138.95,8310.936,8482.922,8654.908,8826.894,8998.88,9290.476,9582.072,9873.668,10165.264,10456.86,10823.212,11189.564,11555.916,11922.268,12288.62,12767.868,13247.116,13726.364,14205.612,14684.86,15202.708,15720.556,16238.404,16756.252,17274.1,17451.36088,17628.62176,17805.88264,17983.14352,18160.4044,18507.95884,18855.51328,19203.06772,19550.62216,19898.1766,20245.73104,20593.28548,20940.83992,21288.39436
5TNDSD,,,,,,,,,,,,,,3320.98,3449.186,3577.392,3705.598,3833.804,3962.01,4120.836,4279.662,4438.488,4597.314,4756.14,4966.906,5177.672,5388.438,5599.204,5809.97,5868.086,5926.202,5984.318,6042.434,6100.55,6188.648,6276.746,6364.844,6452.942,6541.04,6302.668501,6064.297002,5825.925503,5587.554004,5349.182505,5274.045756,5198.909006,5123.772257,5048.635507,4973.498758,4898.362008,4823.225259,4748.088509,4672.95176
5TNECO,,,,,,,,,,,,,,28898.42,28771.518,28644.616,28517.714,28390.812,28263.91,27813.764,27363.618,26913.472,26463.326,26013.18,25950.878,25888.576,25826.274,25763.972,25701.67,25699.75,25697.83,25695.91,25693.99,25692.07,25795.434,25898.798,26002.162,26105.526,26208.89,26279.15232,26349.41463,26419.67695,26489.93927,26560.20159,26647.01474,26733.8279,26820.64106,26907.45422,26994.26738,27081.08054,27167.8937,27254.70685,27341.52001
5TNEIA,,,,,,,,,,,,,,253871.12,262912.594,271954.068,280995.542,290037.016,299078.49,309333.094,319587.698,329842.302,340096.906,350351.51,360012.668,369673.826,379334.984,388996.142,398657.3,413913.034,429168.768,444424.502,459680.236,474935.97,492072.126,509208.282,526344.438,543480.594,560616.75,554552.7707,548488.7913,542424.812,536360.8326,530296.8533,535832.9416,541369.03,546905.1183,552441.2066,557977.2949,563513.3833,569049.4716,574585.5599,580121.6483
5TNEKS,,,,,,,,,,,,,,43244.85,43951.228,44657.606,45363.984,46070.362,46776.74,47547.612,48318.484,49089.356,49860.228,50631.1,51617.188,52603.276,53589.364,54575.452,55561.54,56738.902,57916.264,59093.626,60270.988,61448.35,62828.208,64208.066,65587.924,66967.782,68347.64,68718.11878,69088.59756,69459.07634,69829.55512,70200.0339,71075.2023,71950.37069,72825.53908,73700.70747,74575.87586,75451.04425,76326.21264,77201.38103,78076.54942
5TNESD,,,,,,,,,,,,,,1385.5,1409.266,1433.032,1456.798,1480.564,1504.33,1538.726,1573.122,1607.518,1641.914,1676.31,1703.272,1730.234,1757.196,1784.158,1811.12,1835.936,1860.752,1885.568,1910.384,1935.2,1964.5,1993.8,2023.1,2052.4,2081.7,2069.123824,2056.547648,2043.971472,2031.395296,2018.81912,2027.181032,2035.542944,2043.904856,2052.266768,2060.62868,2068.990592,2077.352503,2085.714415,2094.076327
5TNEWY,,,,,,,,,,,,,,6211.49,6197.464,6183.438,6169.412,6155.386,6141.36,6151.514,6161.668,6171.822,6181.976,6192.13,6234.662,6277.194,6319.726,6362.258,6404.79,6473.096,6541.402,6609.708,6678.014,6746.32,6814.7,6883.08,6951.46,7019.84,7088.22,7112.567722,7136.915445,7161.263167,7185.61089,7209.958612,7256.322473,7302.686335,7349.050196,7395.414057,7441.777918,7488.141779,7534.505641,7580.869502,7627.233363
5TNHMA,,,,,,,,,,,,,,15222.17,15321.796,15421.422,15521.048,15620.674,15720.3,15986.57,16252.84,16519.11,16785.38,17051.65,17306.412,17561.174,17815.936,18070.698,18325.46,18765.466,19205.472,19645.478,20085.484,20525.49,20939.048,21352.606,21766.164,22179.722,22593.28,22008.73283,21424.18566,20839.63849,20255.09132,19670.54415,19585.04956,19499.55498,19414.06039,19328.56581,19243.07122,19157.57664,19072.08205,18986.58747,18901.09288
5TNHME,,,,,,,,,,,,,,3899.85,3920.81,3941.77,3962.73,3983.69,4004.65,4031.232,4057.814,4084.396,4110.978,4137.56,4184.246,4230.932,4277.618,4324.304,4370.99,4421.752,4472.514,4523.276,4574.038,4624.8,4679.094,4733.388,4787.682,4841.976,4896.27,4777.892385,4659.51477,4541.137155,4422.75954,4304.381925,4272.340118,4240.29831,4208.256503,4176.214695,4144.172888,4112.13108,4080.089273,4048.047465,4016.005658
5TNHVT,,,,,,,,,,,,,,2800.42,2874.784,2949.148,3023.512,3097.876,3172.24,3267.916,3363.592,3459.268,3554.944,3650.62,3751.334,3852.048,3952.762,4053.476,4154.19,4285.416,4416.642,4547.868,4679.094,4810.32,4950.284,5090.248,5230.212,5370.176,5510.14,5399.597104,5289.054207,5178.511311,5067.968415,4957.425519,4972.13607,4986.846622,5001.557174,5016.267726,5030.978278,5045.68883,5060.399382,5075.109933,5089.820485
5TNJDE,,,,,,,,,,,,,,9834.97,9700.29,9565.61,9430.93,9296.25,9161.57,9090.076,9018.582,8947.088,8875.594,8804.1,8787.362,8770.624,8753.886,8737.148,8720.41,8729.89,8739.37,8748.85,8758.33,8767.81,8795.096,8822.382,8849.668,8876.954,8904.24,8847.833577,8791.427155,8735.020732,8678.614309,8622.207887,8607.647675,8593.087464,8578.527253,8563.967041,8549.40683,8534.846619,8520.286407,8505.726196,8491.165985
5TNJNY,,,,,,,,,,,,,,42261.91,42938.986,43616.062,44293.138,44970.214,45647.29,46456.682,47266.074,48075.466,48884.858,49694.25,50842.75,51991.25,53139.75,54288.25,55436.75,56985.552,58534.354,60083.156,61631.958,63180.76,64740.17,66299.58,67858.99,69418.4,70977.81,70460.02975,69942.24951,69424.46926,68906.68902,68388.90877,68909.72365,69430.53853,69951.3534,70472.16828,70992.98316,71513.79803,72034.61291,72555.42779,73076.24267
5TNJPA,,,,,,,,,,,,,,21043.48,20862.54,20681.6,20500.66,20319.72,20138.78,19975.264,19811.748,19648.232,19484.716,19321.2,19180.164,19039.128,18898.092,18757.056,18616.02,18580.274,18544.528,18508.782,18473.036,18437.29,18409.354,18381.418,18353.482,18325.546,18297.61,18203.29061,18108.97122,18014.65183,17920.33244,17826.01305,17764.88536,17703.75766,17642.62997,17581.50227,17520.37458,17459.24689,17398.11919,17336.9915,17275.8638
5TNMAZ,,,,,,,,,,,,,,44554.23,44845.168,45136.106,45427.044,45717.982,46008.92,46722.662,47436.404,48150.146,48863.888,49577.63,50399.146,51220.662,52042.178,52863.694,53685.21,54734.422,55783.634,56832.846,57882.058,58931.27,60130.016,61328.762,62527.508,63726.254,64925,65911.92931,66898.85862,67885.78794,68872.71725,69859.64656,70952.48422,72045.32187,73138.15953,74230.99718,75323.83484,76416.6725,77509.51015,78602.34781,79695.18546
5TNMCO,,,,,,,,,,,,,,3826.5,3880.266,3934.032,3987.798,4041.564,4095.33,4138.95,4182.57,4226.19,4269.81,4313.43,4383.838,4454.246,4524.654,4595.062,4665.47,4737.576,4809.682,4881.788,4953.894,5026,5113.788,5201.576,5289.364,5377.152,5464.94,5455.394881,5445.849762,5436.304643,5426.759524,5417.214405,5456.335846,5495.457286,5534.578727,5573.700167,5612.821608,5651.943048,5691.064489,5730.185929,5769.30737
5TNMOK,,,,,,,,,,,,,,39.54,40.18,40.82,41.46,42.1,42.74,43.136,43.532,43.928,44.324,44.72,45.128,45.536,45.944,46.352,46.76,46.974,47.188,47.402,47.616,47.83,47.538,47.246,46.954,46.662,46.37,45.14864443,43.92728887,42.7059333,41.48457773,40.26322217,39.50654438,38.7498666,37.99318882,37.23651104,36.47983325,35.72315547,34.96647769,34.2097999,33.45312212
5TNMTX,,,,,,,,,,,,,,24506.73,25250.804,25994.878,26738.952,27483.026,28227.1,29285.978,30344.856,31403.734,32462.612,33521.49,34863.334,36205.178,37547.022,38888.866,40230.71,41840.338,43449.966,45059.594,46669.222,48278.85,49976.43,51674.01,53371.59,55069.17,56766.75,56276.46578,55786.18156,55295.89734,54805.61313,54315.32891,54918.9768,55522.62469,56126.27258,56729.92047,57333.56836,57937.21625,58540.86414,59144.51203,59748.15992
5TNVAZ,,,,,,,,,,,,,,10371.81,10698.408,11025.006,11351.604,11678.202,12004.8,12447.998,12891.196,13334.394,13777.592,14220.79,14747.632,15274.474,15801.316,16328.158,16855,17580.61,18306.22,19031.83,19757.44,20483.05,21365.01,22246.97,23128.93,24010.89,24892.85,24785.44671,24678.04341,24570.64012,24463.23683,24355.83354,24743.11189,25130.39024,25517.6686,25904.94695,26292.2253,26679.50366,27066.78201,27454.06036,27841.33872
5TNVCA,,,,,,,,,,,,,,41072.45,41102,41131.55,41161.1,41190.65,41220.2,40951.262,40682.324,40413.386,40144.448,39875.51,40076.136,40276.762,40477.388,40678.014,40878.64,41120.544,41362.448,41604.352,41846.256,42088.16,42459.702,42831.244,43202.786,43574.328,43945.87,43996.47468,44047.07936,44097.68404,44148.28872,44198.8934,44409.96674,44621.04009,44832.11343,45043.18677,45254.26011,45465.33345,45676.40679,45887.48013,46098.55347
5TNVID,,,,,,,,,,,,,,2645.43,2705.014,2764.598,2824.182,2883.766,2943.35,2992.12,3040.89,3089.66,3138.43,3187.2,3247.506,3307.812,3368.118,3428.424,3488.73,3581.258,3673.786,3766.314,3858.842,3951.37,4071.534,4191.698,4311.862,4432.026,4552.19,4534.493246,4516.796493,4499.099739,4481.402985,4463.706231,4514.939855,4566.173478,4617.407101,4668.640724,4719.874347,4771.10797,4822.341594,4873.575217,4924.80884
5TNVOR,,,,,,,,,,,,,,156.25,156.022,155.794,155.566,155.338,155.11,156.246,157.382,158.518,159.654,160.79,162.31,163.83,165.35,166.87,168.39,170.47,172.55,174.63,176.71,178.79,180.416,182.042,183.668,185.294,186.92,186.8844471,186.8488941,186.8133412,186.7777883,186.7422353,187.5374589,188.3326824,189.127906,189.9231295,190.718353,191.5135766,192.3088001,193.1040236,193.8992472
5TNVUT,,,,,,,,,,,,,,355.63,359.648,363.666,367.684,371.702,375.72,384.532,393.344,402.156,410.968,419.78,427.162,434.544,441.926,449.308,456.69,469.098,481.506,493.914,506.322,518.73,532.48,546.23,559.98,573.73,587.48,593.039714,598.5994281,604.1591421,609.7188561,615.2785702,624.9334272,634.5882842,644.2431412,653.8979982,663.5528552,673.2077122,682.8625693,692.5174263,702.1722833
5TNYCT,,,,,,,,,,,,,,15811.06,15824.846,15838.632,15852.418,15866.204,15879.99,15933.932,15987.874,16041.816,16095.758,16149.7,16234.066,16318.432,16402.798,16487.164,16571.53,16737.126,16902.722,17068.318,17233.914,17399.51,17572.57,17745.63,17918.69,18091.75,18264.81,18114.79495,17964.7799,17814.76485,17664.7498,17514.73476,17526.25723,17537.77971,17549.30218,17560.82466,17572.34713,17583.86961,17595.39209,17606.91456,17618.43704
5TNYMA,,,,,,,,,,,,,,2319.14,2366.304,2413.468,2460.632,2507.796,2554.96,2609.336,2663.712,2718.088,2772.464,2826.84,2899.91,2972.98,3046.05,3119.12,3192.19,3289.516,3386.842,3484.168,3581.494,3678.82,3789.974,3901.128,4012.282,4123.436,4234.59,4249.124048,4263.658097,4278.192145,4292.726193,4307.260241,4370.104266,4432.94829,4495.792314,4558.636338,4621.480362,4684.324386,4747.16841,4810.012435,4872.856459
5TNYNJ,,,,,,,,,,,,,,24634.44,24598.492,24562.544,24526.596,24490.648,24454.7,24721.584,24988.468,25255.352,25522.236,25789.12,26175.81,26562.5,26949.19,27335.88,27722.57,27912.846,28103.122,28293.398,28483.674,28673.95,28959.99,29246.03,29532.07,29818.11,30104.15,29750.30109,29396.45218,29042.60327,28688.75435,28334.90544,28301.00099,28267.09653,28233.19208,28199.28762,28165.38317,28131.47871,28097.57425,28063.6698,28029.76534
5TNYPA,,,,,,,,,,,,,,8103.87,8094.816,8085.762,8076.708,8067.654,8058.6,8095.3,8132,8168.7,8205.4,8242.1,8280.552,8319.004,8357.456,8395.908,8434.36,8498.952,8563.544,8628.136,8692.728,8757.32,8840.71,8924.1,9007.49,9090.88,9174.27,9095.12358,9015.977159,8936.830739,8857.684319,8778.537898,8780.659688,8782.781478,8784.903268,8787.025057,8789.146847,8791.268637,8793.390427,8795.512217,8797.634006
5TNYVT,,,,,,,,,,,,,,855.72,859.882,864.044,868.206,872.368,876.53,881.564,886.598,891.632,896.666,901.7,904.43,907.16,909.89,912.62,915.35,920.514,925.678,930.842,936.006,941.17,946.858,952.546,958.234,963.922,969.61,965.4788139,961.3476278,957.2164418,953.0852557,948.9540696,949.7324766,950.5108835,951.2892905,952.0676974,952.8461044,953.6245114,954.4029183,955.1813253,955.9597322
5TOHIN,,,,,,,,,,,,,,51769.78,51492.144,51214.508,50936.872,50659.236,50381.6,50211.016,50040.432,49869.848,49699.264,49528.68,49508.218,49487.756,49467.294,49446.832,49426.37,49700.812,49975.254,50249.696,50524.138,50798.58,51009.732,51220.884,51432.036,51643.188,51854.34,51443.30347,51032.26693,50621.2304,50210.19386,49799.15733,49699.21506,49599.27279,49499.33052,49399.38826,49299.44599,49199.50372,49099.56145,48999.61919,48899.67692
5TOHKY,,,,,,,,,,,,,,26972.97,26695.05,26417.13,26139.21,25861.29,25583.37,25034.904,24486.438,23937.972,23389.506,22841.04,22435.92,22030.8,21625.68,21220.56,20815.44,20733.308,20651.176,20569.044,20486.912,20404.78,20427.26,20449.74,20472.22,20494.7,20517.18,20453.04776,20388.91552,20324.78329,20260.65105,20196.51881,20175.69269,20154.86657,20134.04045,20113.21434,20092.38822,20071.5621,20050.73598,20029.90986,20009.08374
5TOHMI,,,,,,,,,,,,,,18457.69,18056.666,17655.642,17254.618,16853.594,16452.57,16122.172,15791.774,15461.376,15130.978,14800.58,14567.684,14334.788,14101.892,13868.996,13636.1,13507.746,13379.392,13251.038,13122.684,12994.33,12877.36,12760.39,12643.42,12526.45,12409.48,12401.53937,12393.59873,12385.6581,12377.71746,12369.77683,12307.32151,12244.8662,12182.41088,12119.95556,12057.50025,11995.04493,11932.58961,11870.1343,11807.67898
5TOHPA,,,,,,,,,,,,,,71620.68,73898.468,76176.256,78454.044,80731.832,83009.62,85307.546,87605.472,89903.398,92201.324,94499.25,97154.688,99810.126,102465.564,105121.002,107776.44,110670.704,113564.968,116459.232,119353.496,122247.76,125440.366,128632.972,131825.578,135018.184,138210.79,135308.7006,132406.6111,129504.5217,126602.4322,123700.3428,123845.601,123990.8593,124136.1176,124281.3759,124426.6341,124571.8924,124717.1507,124862.409,125007.6672
5TOHWV,,,,,,,,,,,,,,45790.27,46531.058,47271.846,48012.634,48753.422,49494.21,50275.424,51056.638,51837.852,52619.066,53400.28,54435.72,55471.16,56506.6,57542.04,58577.48,59834.77,61092.06,62349.35,63606.64,64863.93,66242.99,67622.05,69001.11,70380.17,71759.23,71876.13731,71993.04462,72109.95193,72226.85924,72343.76655,73091.7502,73839.73386,74587.71751,75335.70117,76083.68482,76831.66848,77579.65213,78327.63579,79075.61944
5TOKAR,,,,,,,,,,,,,,29647.52,30159.846,30672.172,31184.498,31696.824,32209.15,34089.086,35969.022,37848.958,39728.894,41608.83,43758.856,45908.882,48058.908,50208.934,52358.96,54024.522,55690.084,57355.646,59021.208,60686.77,62355.436,64024.102,65692.768,67361.434,69030.1,69770.37838,70510.65676,71250.93513,71991.21351,72731.49189,73935.96408,75140.43627,76344.90846,77549.38065,78753.85283,79958.32502,81162.79721,82367.2694,83571.74159
5TOKKS,,,,,,,,,,,,,,15640.03,16063.532,16487.034,16910.536,17334.038,17757.54,18474.478,19191.416,19908.354,20625.292,21342.23,22123.656,22905.082,23686.508,24467.934,25249.36,26287.688,27326.016,28364.344,29402.672,30441,31616.648,32792.296,33967.944,35143.592,36319.24,35082.03154,33844.82308,32607.61463,31370.40617,30133.19771,30102.41748,30071.63725,30040.85702,30010.07679,29979.29656,29948.51633,29917.73611,29886.95588,29856.17565
5TOKMO,,,,,,,,,,,,,,19532.3,19681.38,19830.46,19979.54,20128.62,20277.7,20453.574,20629.448,20805.322,20981.196,21157.07,21359.298,21561.526,21763.754,21965.982,22168.21,22541.73,22915.25,23288.77,23662.29,24035.81,24431.954,24828.098,25224.242,25620.386,26016.53,25811.21554,25605.90108,25400.58662,25195.27217,24989.95771,25085.37248,25180.78725,25276.20202,25371.61679,25467.03156,25562.44633,25657.8611,25753.27587,25848.69064
5TOKNM,,,,,,,,,,,,,,24.63,24.638,24.646,24.654,24.662,24.67,24.768,24.866,24.964,25.062,25.16,25.51,25.86,26.21,26.56,26.91,27.366,27.822,28.278,28.734,29.19,29.544,29.898,30.252,30.606,30.96,31.28444867,31.60889735,31.93334602,32.2577947,32.58224337,32.92146771,33.26069205,33.59991639,33.93914072,34.27836506,34.6175894,34.95681374,35.29603807,35.63526241
5TOKTX,,,,,,,,,,,,,,155424.19,157687.138,159950.086,162213.034,164475.982,166738.93,167280.032,167821.134,168362.236,168903.338,169444.44,171437.52,173430.6,175423.68,177416.76,179409.84,182137.632,184865.424,187593.216,190321.008,193048.8,196125.238,199201.676,202278.114,205354.552,208430.99,207725.7601,207020.5301,206315.3002,205610.0703,204904.8404,206090.4444,207276.0484,208461.6525,209647.2565,210832.8605,212018.4646,213204.0686,214389.6726,215575.2767
5TORCA,,,,,,,,,,,,,,8516.87,8620.93,8724.99,8829.05,8933.11,9037.17,9131.03,9224.89,9318.75,9412.61,9506.47,9580.63,9654.79,9728.95,9803.11,9877.27,9943.906,10010.542,10077.178,10143.814,10210.45,10303.632,10396.814,10489.996,10583.178,10676.36,10508.70342,10341.04685,10173.39027,10005.73369,9838.077118,9800.83983,9763.602542,9726.365254,9689.127966,9651.890677,9614.653389,9577.416101,9540.178813,9502.941525
5TORID,,,,,,,,,,,,,,15506.68,15879.878,16253.076,16626.274,16999.472,17372.67,17713.992,18055.314,18396.636,18737.958,19079.28,19345.612,19611.944,19878.276,20144.608,20410.94,20731.926,21052.912,21373.898,21694.884,22015.87,22430.472,22845.074,23259.676,23674.278,24088.88,23663.3309,23237.78181,22812.23271,22386.68361,21961.13451,21955.66097,21950.18742,21944.71387,21939.24032,21933.76677,21928.29322,21922.81967,21917.34613,21911.87258
5TORNV,,,,,,,,,,,,,,1244.09,1284.434,1324.778,1365.122,1405.466,1445.81,1489.176,1532.542,1575.908,1619.274,1662.64,1698.176,1733.712,1769.248,1804.784,1840.32,1881.618,1922.916,1964.214,2005.512,2046.81,2095.082,2143.354,2191.626,2239.898,2288.17,2260.014712,2231.859424,2203.704136,2175.548848,2147.39356,2157.451916,2167.510272,2177.568627,2187.626983,2197.685339,2207.743695,2217.802051,2227.860407,2237.918763
5TORWA,,,,,,,,,,,,,,15566.83,16148.74,16730.65,17312.56,17894.47,18476.38,19214.824,19953.268,20691.712,21430.156,22168.6,22964.69,23760.78,24556.87,25352.96,26149.05,27137.792,28126.534,29115.276,30104.018,31092.76,32165.548,33238.336,34311.124,35383.912,36456.7,35992.40945,35528.11889,35063.82834,34599.53779,34135.24724,34439.49596,34743.74468,35047.99341,35352.24213,35656.49085,35960.73958,36264.9883,36569.23703,36873.48575
5TPADE,,,,,,,,,,,,,,2317.05,2290.204,2263.358,2236.512,2209.666,2182.82,2197.558,2212.296,2227.034,2241.772,2256.51,2279.464,2302.418,2325.372,2348.326,2371.28,2382.124,2392.968,2403.812,2414.656,2425.5,2445.236,2464.972,2484.708,2504.444,2524.18,2540.627645,2557.07529,2573.522935,2589.97058,2606.418225,2624.510048,2642.60187,2660.693693,2678.785516,2696.877338,2714.969161,2733.060983,2751.152806,2769.244628
5TPAMD,,,,,,,,,,,,,,40742.02,40684.82,40627.62,40570.42,40513.22,40456.02,40712.136,40968.252,41224.368,41480.484,41736.6,42093.508,42450.416,42807.324,43164.232,43521.14,44212.014,44902.888,45593.762,46284.636,46975.51,47812.318,48649.126,49485.934,50322.742,51159.55,51890.87274,52622.19548,53353.51822,54084.84096,54816.1637,55600.22907,56384.29444,57168.35981,57952.42518,58736.49055,59520.55592,60304.62129,61088.68666,61872.75203
5TPANJ,,,,,,,,,,,,,,69212.4,69857.416,70502.432,71147.448,71792.464,72437.48,73181.568,73925.656,74669.744,75413.832,76157.92,77246.244,78334.568,79422.892,80511.216,81599.54,82811.81,84024.08,85236.35,86448.62,87660.89,89032.044,90403.198,91774.352,93145.506,94516.66,94439.3032,94361.94639,94284.58959,94207.23279,94129.87598,94776.77458,95423.67318,96070.57178,96717.47038,97364.36897,98011.26757,98658.16617,99305.06477,99951.96337
5TPANY,,,,,,,,,,,,,,13940.37,14253.504,14566.638,14879.772,15192.906,15506.04,15880.508,16254.976,16629.444,17003.912,17378.38,17861.058,18343.736,18826.414,19309.092,19791.77,20387.65,20983.53,21579.41,22175.29,22771.17,23459.846,24148.522,24837.198,25525.874,26214.55,26015.40804,25816.26609,25617.12413,25417.98217,25218.84021,25463.60724,25708.37426,25953.14128,26197.9083,26442.67532,26687.44234,26932.20936,27176.97639,27421.74341
5TPAOH,,,,,,,,,,,,,,30161.37,29553.426,28945.482,28337.538,27729.594,27121.65,26765.71,26409.77,26053.83,25697.89,25341.95,25103.95,24865.95,24627.95,24389.95,24151.95,24039.578,23927.206,23814.834,23702.462,23590.09,23486.026,23381.962,23277.898,23173.834,23069.77,23014.43098,22959.09196,22903.75293,22848.41391,22793.07489,22713.37338,22633.67187,22553.97036,22474.26884,22394.56733,22314.86582,22235.16431,22155.4628,22075.76129
5TPAWV,,,,,,,,,,,,,,3626.26,3582.804,3539.348,3495.892,3452.436,3408.98,3367.25,3325.52,3283.79,3242.06,3200.33,3156.66,3112.99,3069.32,3025.65,2981.98,2951.06,2920.14,2889.22,2858.3,2827.38,2791.938,2756.496,2721.054,2685.612,2650.17,2622.038411,2593.906821,2565.775232,2537.643643,2509.512053,2477.725259,2445.938464,2414.151669,2382.364874,2350.57808,2318.791285,2287.00449,2255.217696,2223.430901
5TRICT,,,,,,,,,,,,,,1531.04,1615.648,1700.256,1784.864,1869.472,1954.08,2063.108,2172.136,2281.164,2390.192,2499.22,2590.756,2682.292,2773.828,2865.364,2956.9,3044.19,3131.48,3218.77,3306.06,3393.35,3512.864,3632.378,3751.892,3871.406,3990.92,3752.430653,3513.941306,3275.451958,3036.962611,2798.473264,2738.98559,2679.497917,2620.010243,2560.522569,2501.034896,2441.547222,2382.059549,2322.571875,2263.084201
5TRIMA,,,,,,,,,,,,,,4062.8,4236.814,4410.828,4584.842,4758.856,4932.87,5109.514,5286.158,5462.802,5639.446,5816.09,5927.78,6039.47,6151.16,6262.85,6374.54,6462.754,6550.968,6639.182,6727.396,6815.61,6951.58,7087.55,7223.52,7359.49,7495.46,7183.05049,6870.640979,6558.231469,6245.821959,5933.412448,5845.192693,5756.972938,5668.753183,5580.533428,5492.313673,5404.093918,5315.874162,5227.654407,5139.434652
5TSCGA,,,,,,,,,,,,,,32890.67,32853.118,32815.566,32778.014,32740.462,32702.91,32860.224,33017.538,33174.852,33332.166,33489.48,33698.612,33907.744,34116.876,34326.008,34535.14,34961.128,35387.116,35813.104,36239.092,36665.08,37093.4,37521.72,37950.04,38378.36,38806.68,38711.86321,38617.04641,38522.22962,38427.41282,38332.59603,38499.34763,38666.09924,38832.85084,38999.60244,39166.35404,39333.10565,39499.85725,39666.60885,39833.36046
5TSCNC,,,,,,,,,,,,,,27295.42,27672.05,28048.68,28425.31,28801.94,29178.57,29542.948,29907.326,30271.704,30636.082,31000.46,31554.724,32108.988,32663.252,33217.516,33771.78,34402.4,35033.02,35663.64,36294.26,36924.88,37500.364,38075.848,38651.332,39226.816,39802.3,39308.57712,38814.85425,38321.13137,37827.40849,37333.68562,37374.56618,37415.44674,37456.3273,37497.20786,37538.08842,37578.96899,37619.84955,37660.73011,37701.61067
5TSDIA,,,,,,,,,,,,,,4205.57,4244.94,4284.31,4323.68,4363.05,4402.42,4437.76,4473.1,4508.44,4543.78,4579.12,4639.286,4699.452,4759.618,4819.784,4879.95,4956.458,5032.966,5109.474,5185.982,5262.49,5360.18,5457.87,5555.56,5653.25,5750.94,5770.93953,5790.93906,5810.93859,5830.93812,5850.93765,5909.782415,5968.62718,6027.471945,6086.31671,6145.161476,6204.006241,6262.851006,6321.695771,6380.540536
5TSDMN,,,,,,,,,,,,,,44318.57,45477.548,46636.526,47795.504,48954.482,50113.46,51400.042,52686.624,53973.206,55259.788,56546.37,58000.484,59454.598,60908.712,62362.826,63816.94,65598.942,67380.944,69162.946,70944.948,72726.95,74813.272,76899.594,78985.916,81072.238,83158.56,83218.9286,83279.2972,83339.6658,83400.03439,83460.40299,84533.74829,85607.09359,86680.43889,87753.78419,88827.12949,89900.47479,90973.82009,92047.16539,93120.51069
5TSDND,,,,,,,,,,,,,,2222.32,2258.82,2295.32,2331.82,2368.32,2404.82,2488.822,2572.824,2656.826,2740.828,2824.83,2898.846,2972.862,3046.878,3120.894,3194.91,3321.216,3447.522,3573.828,3700.134,3826.44,3938.142,4049.844,4161.546,4273.248,4384.95,4393.974769,4402.999538,4412.024307,4421.049076,4430.073845,4490.437229,4550.800614,4611.163998,4671.527382,4731.890767,4792.254151,4852.617536,4912.98092,4973.344305
5TSDNE,,,,,,,,,,,,,,6207.17,6326.042,6444.914,6563.786,6682.658,6801.53,6892.248,6982.966,7073.684,7164.402,7255.12,7400.024,7544.928,7689.832,7834.736,7979.64,8154.73,8329.82,8504.91,8680,8855.09,9051.666,9248.242,9444.818,9641.394,9837.97,9847.264374,9856.558748,9865.853122,9875.147495,9884.441869,9987.377056,10090.31224,10193.24743,10296.18262,10399.1178,10502.05299,10604.98818,10707.92336,10810.85855
5TSDWY,,,,,,,,,,,,,,5347.07,5358.66,5370.25,5381.84,5393.43,5405.02,5426.714,5448.408,5470.102,5491.796,5513.49,5575.116,5636.742,5698.368,5759.994,5821.62,5915.51,6009.4,6103.29,6197.18,6291.07,6417.48,6543.89,6670.3,6796.71,6923.12,6996.27152,7069.42304,7142.574559,7215.726079,7288.877599,7388.658359,7488.439119,7588.219879,7688.000639,7787.781398,7887.562158,7987.342918,8087.123678,8186.904438
5TTNAL,,,,,,,,,,,,,,18404.79,18883.69,19362.59,19841.49,20320.39,20799.29,21420.596,22041.902,22663.208,23284.514,23905.82,24645.654,25385.488,26125.322,26865.156,27604.99,28478.68,29352.37,30226.06,31099.75,31973.44,32900.004,33826.568,34753.132,35679.696,36606.26,36431.70679,36257.15359,36082.60038,35908.04718,35733.49397,36109.49937,36485.50476,36861.51016,37237.51556,37613.52096,37989.52635,38365.53175,38741.53715,39117.54254
5TTNAR,,,,,,,,,,,,,,20692.49,20927.464,21162.438,21397.412,21632.386,21867.36,22136.932,22406.504,22676.076,22945.648,23215.22,23606.032,23996.844,24387.656,24778.468,25169.28,25654.192,26139.104,26624.016,27108.928,27593.84,28181.754,28769.668,29357.582,29945.496,30533.41,30415.85481,30298.29962,30180.74443,30063.18924,29945.63405,30180.81345,30415.99285,30651.17226,30886.35166,31121.53107,31356.71047,31591.88988,31827.06928,32062.24869
5TTNGA,,,,,,,,,,,,,,93622.54,96016.308,98410.076,100803.844,103197.612,105591.38,108285.106,110978.832,113672.558,116366.284,119060.01,122735.808,126411.606,130087.404,133763.202,137439,141410.812,145382.624,149354.436,153326.248,157298.06,161873.266,166448.472,171023.678,175598.884,180174.09,179150.0781,178126.0661,177102.0542,176078.0423,175054.0304,176829.6274,178605.2244,180380.8215,182156.4185,183932.0155,185707.6126,187483.2096,189258.8067,191034.4037
5TTNKY,,,,,,,,,,,,,,27415.81,27737.99,28060.17,28382.35,28704.53,29026.71,29271.218,29515.726,29760.234,30004.742,30249.25,30503.734,30758.218,31012.702,31267.186,31521.67,32005.258,32488.846,32972.434,33456.022,33939.61,34403.032,34866.454,35329.876,35793.298,36256.72,35659.4437,35062.1674,34464.8911,33867.6148,33270.3385,33203.41135,33136.4842,33069.55705,33002.6299,32935.70275,32868.7756,32801.84845,32734.9213,32667.99415
5TTNMO,,,,,,,,,,,,,,1806.88,1812.266,1817.652,1823.038,1828.424,1833.81,1845.378,1856.946,1868.514,1880.082,1891.65,1910.998,1930.346,1949.694,1969.042,1988.39,2012.174,2035.958,2059.742,2083.526,2107.31,2122.628,2137.946,2153.264,2168.582,2183.9,2167.526766,2151.153532,2134.780298,2118.407064,2102.03383,2101.506213,2100.978597,2100.45098,2099.923363,2099.395746,2098.868129,2098.340512,2097.812895,2097.285278
5TTNMS,,,,,,,,,,,,,,42859.21,43921,44982.79,46044.58,47106.37,48168.16,50073.604,51979.048,53884.492,55789.936,57695.38,59760.544,61825.708,63890.872,65956.036,68021.2,70173.706,72326.212,74478.718,76631.224,78783.73,81070.596,83357.462,85644.328,87931.194,90218.06,90864.14816,91510.23632,92156.32448,92802.41264,93448.5008,94914.97789,96381.45497,97847.93205,99314.40913,100780.8862,102247.3633,103713.8404,105180.3174,106646.7945
5TTNNC,,,,,,,,,,,,,,22960.85,23490.398,24019.946,24549.494,25079.042,25608.59,26046.224,26483.858,26921.492,27359.126,27796.76,28501.288,29205.816,29910.344,30614.872,31319.4,31954.34,32589.28,33224.22,33859.16,34494.1,35294.222,36094.344,36894.466,37694.588,38494.71,38425.25793,38355.80586,38286.35379,38216.90172,38147.44965,38512.78462,38878.11958,39243.45455,39608.78951,39974.12448,40339.45944,40704.79441,41070.12937,41435.46434
5TTNVA,,,,,,,,,,,,,,9907.69,10085.188,10262.686,10440.184,10617.682,10795.18,10952.242,11109.304,11266.366,11423.428,11580.49,11747.332,11914.174,12081.016,12247.858,12414.7,12613.458,12812.216,13010.974,13209.732,13408.49,13678.812,13949.134,14219.456,14489.778,14760.1,14631.69642,14503.29283,14374.88925,14246.48566,14118.08208,14189.04128,14260.00049,14330.9597,14401.91891,14472.87811,14543.83732,14614.79653,14685.75574,14756.71494
5TTXAR,,,,,,,,,,,,,,6273.75,6328.32,6382.89,6437.46,6492.03,6546.6,6635.88,6725.16,6814.44,6903.72,6993,7137.48,7281.96,7426.44,7570.92,7715.4,7879.548,8043.696,8207.844,8371.992,8536.14,8701.366,8866.592,9031.818,9197.044,9362.27,9204.489014,9046.708027,8888.927041,8731.146054,8573.365068,8577.087575,8580.810081,8584.532588,8588.255095,8591.977602,8595.700109,8599.422615,8603.145122,8606.867629
5TTXLA,,,,,,,,,,,,,,35346.39,35532.882,35719.374,35905.866,36092.358,36278.85,36746.314,37213.778,37681.242,38148.706,38616.17,39279.562,39942.954,40606.346,41269.738,41933.13,42835.708,43738.286,44640.864,45543.442,46446.02,47491.652,48537.284,49582.916,50628.548,51674.18,51852.49007,52030.80014,52209.11021,52387.42028,52565.73035,53177.70139,53789.67243,54401.64346,55013.6145,55625.58553,56237.55657,56849.5276,57461.49864,58073.46967
5TTXNM,,,,,,,,,,,,,,24797,24873.122,24949.244,25025.366,25101.488,25177.61,25238.258,25298.906,25359.554,25420.202,25480.85,25705.026,25929.202,26153.378,26377.554,26601.73,26897.014,27192.298,27487.582,27782.866,28078.15,28397.222,28716.294,29035.366,29354.438,29673.51,29792.61436,29911.71872,30030.82309,30149.92745,30269.03181,30488.11999,30707.20817,30926.29635,31145.38454,31364.47272,31583.5609,31802.64908,32021.73726,32240.82544
5TTXOK,,,,,,,,,,,,,,39000.11,39702.272,40404.434,41106.596,41808.758,42510.92,43624.364,44737.808,45851.252,46964.696,48078.14,49299.328,50520.516,51741.704,52962.892,54184.08,56129.346,58074.612,60019.878,61965.144,63910.41,66161.326,68412.242,70663.158,72914.074,75164.99,73835.22212,72505.45425,71175.68637,69845.9185,68516.15062,68976.72468,69437.29874,69897.87281,70358.44687,70819.02093,71279.59499,71740.16905,72200.74312,72661.31718
5TUTAZ,,,,,,,,,,,,,,40123.33,40259.06,40394.79,40530.52,40666.25,40801.98,40659.428,40516.876,40374.324,40231.772,40089.22,40494.768,40900.316,41305.864,41711.412,42116.96,42620.538,43124.116,43627.694,44131.272,44634.85,45284.856,45934.862,46584.868,47234.874,47884.88,47889.11587,47893.35174,47897.58761,47901.82348,47906.05935,48233.18029,48560.30123,48887.42216,49214.5431,49541.66403,49868.78497,50195.9059,50523.02684,50850.14777
5TUTCO,,,,,,,,,,,,,,15251.01,15882.274,16513.538,17144.802,17776.066,18407.33,19157.974,19908.618,20659.262,21409.906,22160.55,23058.59,23956.63,24854.67,25752.71,26650.75,27818.284,28985.818,30153.352,31320.886,32488.42,33449.714,34411.008,35372.302,36333.596,37294.89,35712.80278,34130.71556,32548.62834,30966.54113,29384.45391,29074.0573,28763.66069,28453.26408,28142.86747,27832.47086,27522.07425,27211.67764,26901.28103,26590.88442
5TUTID,,,,,,,,,,,,,,17702.08,17778.114,17854.148,17930.182,18006.216,18082.25,18195.954,18309.658,18423.362,18537.066,18650.77,18856.382,19061.994,19267.606,19473.218,19678.83,19979.52,20280.21,20580.9,20881.59,21182.28,21531.746,21881.212,22230.678,22580.144,22929.61,23104.13369,23278.65739,23453.18108,23627.70478,23802.22847,24064.22332,24326.21817,24588.21301,24850.20786,25112.20271,25374.19755,25636.1924,25898.18725,26160.1821
5TUTNV,,,,,,,,,,,,,,2364.63,2393.43,2422.23,2451.03,2479.83,2508.63,2523.334,2538.038,2552.742,2567.446,2582.15,2608.554,2634.958,2661.362,2687.766,2714.17,2729.698,2745.226,2760.754,2776.282,2791.81,2819.11,2846.41,2873.71,2901.01,2928.31,2892.796603,2857.283205,2821.769808,2786.25641,2750.743013,2746.636314,2742.529615,2738.422917,2734.316218,2730.209519,2726.10282,2721.996122,2717.889423,2713.782724
5TUTWY,,,,,,,,,,,,,,17675.15,18081.018,18486.886,18892.754,19298.622,19704.49,20121.658,20538.826,20955.994,21373.162,21790.33,22129.108,22467.886,22806.664,23145.442,23484.22,23904.324,24324.428,24744.532,25164.636,25584.74,26059.298,26533.856,27008.414,27482.972,27957.53,27697.02191,27436.51382,27176.00572,26915.49763,26654.98954,26762.0145,26869.03945,26976.0644,27083.08936,27190.11431,27297.13927,27404.16422,27511.18917,27618.21413
5TVAMD,,,,,,,,,,,,,,9455.49,9612.074,9768.658,9925.242,10081.826,10238.41,10427.856,10617.302,10806.748,10996.194,11185.64,11422.146,11658.652,11895.158,12131.664,12368.17,12690.22,13012.27,13334.32,13656.37,13978.42,14316.272,14654.124,14991.976,15329.828,15667.68,15556.734,15445.78801,15334.84201,15223.89602,15112.95002,15226.40302,15339.85602,15453.30903,15566.76203,15680.21503,15793.66803,15907.12104,16020.57404,16134.02704
5TVANC,,,,,,,,,,,,,,84018.37,84517.114,85015.858,85514.602,86013.346,86512.09,87163.114,87814.138,88465.162,89116.186,89767.21,90754.826,91742.442,92730.058,93717.674,94705.29,96074.006,97442.722,98811.438,100180.154,101548.87,103168.33,104787.79,106407.25,108026.71,109646.17,109620.7248,109595.2796,109569.8343,109544.3891,109518.9439,110315.9513,111112.9587,111909.9661,112706.9735,113503.9808,114300.9882,115097.9956,115895.003,116692.0104
5TVATN,,,,,,,,,,,,,,25041.82,24928.508,24815.196,24701.884,24588.572,24475.26,24396.674,24318.088,24239.502,24160.916,24082.33,23835.226,23588.122,23341.018,23093.914,22846.81,22641.042,22435.274,22229.506,22023.738,21817.97,21552.278,21286.586,21020.894,20755.202,20489.51,20018.1659,19546.82179,19075.47769,18604.13358,18132.78948,17764.27142,17395.75337,17027.23532,16658.71727,16290.19921,15921.68116,15553.16311,15184.64506,14816.127
5TVAWV,,,,,,,,,,,,,,32623.83,32937.716,33251.602,33565.488,33879.374,34193.26,34469.108,34744.956,35020.804,35296.652,35572.5,35916.33,36260.16,36603.99,36947.82,37291.65,37713.542,38135.434,38557.326,38979.218,39401.11,39935.224,40469.338,41003.452,41537.566,42071.68,41700.1288,41328.57759,40957.02639,40585.47518,40213.92398,40295.20538,40376.48678,40457.76817,40539.04957,40620.33097,40701.61237,40782.89376,40864.17516,40945.45656
5TVTMA,,,,,,,,,,,,,,730.97,725.814,720.658,715.502,710.346,705.19,701.108,697.026,692.944,688.862,684.78,684.528,684.276,684.024,683.772,683.52,682.854,682.188,681.522,680.856,680.19,683.468,686.746,690.024,693.302,696.58,697.4271576,698.2743151,699.1214727,699.9686303,700.8157878,702.8783666,704.9409454,707.0035242,709.066103,711.1286818,713.1912605,715.2538393,717.3164181,719.3789969
5TVTMI,,,,,,,,,,,,,,547.35,537.258,527.166,517.074,506.982,496.89,489.316,481.742,474.168,466.594,459.02,450.274,441.528,432.782,424.036,415.29,410.528,405.766,401.004,396.242,391.48,388.25,385.02,381.79,378.56,375.33,373.957593,372.585186,371.212779,369.840372,368.467965,366.1667616,363.8655581,361.5643546,359.2631511,356.9619476,354.6607441,352.3595406,350.0583371,347.7571336
5TVTNH,,,,,,,,,,,,,,1678.02,1676.96,1675.9,1674.84,1673.78,1672.72,1674.746,1676.772,1678.798,1680.824,1682.85,1698.018,1713.186,1728.354,1743.522,1758.69,1774.166,1789.642,1805.118,1820.594,1836.07,1853.594,1871.118,1888.642,1906.166,1923.69,1914.347891,1905.005783,1895.663674,1886.321565,1876.979457,1881.070402,1885.161348,1889.252294,1893.343239,1897.434185,1901.525131,1905.616076,1909.707022,1913.797968
5TVTNY,,,,,,,,,,,,,,2953.48,2943.404,2933.328,2923.252,2913.176,2903.1,2905.946,2908.792,2911.638,2914.484,2917.33,2927.54,2937.75,2947.96,2958.17,2968.38,2995.778,3023.176,3050.574,3077.972,3105.37,3149.712,3194.054,3238.396,3282.738,3327.08,3327.063464,3327.046928,3327.030392,3327.013856,3326.997321,3349.160053,3371.322785,3393.485517,3415.648249,3437.810981,3459.973713,3482.136445,3504.299177,3526.461909
5TWAID,,,,,,,,,,,,,,5299.68,5237.738,5175.796,5113.854,5051.912,4989.97,4925.39,4860.81,4796.23,4731.65,4667.07,4588.5,4509.93,4431.36,4352.79,4274.22,4197.506,4120.792,4044.078,3967.364,3890.65,3839.288,3787.926,3736.564,3685.202,3633.84,3620.807889,3607.775778,3594.743667,3581.711556,3568.679445,3536.48239,3504.285334,3472.088279,3439.891223,3407.694168,3375.497112,3343.300057,3311.103001,3278.905946
5TWAOR,,,,,,,,,,,,,,17079.83,17089.79,17099.75,17109.71,17119.67,17129.63,17087.468,17045.306,17003.144,16960.982,16918.82,16890.344,16861.868,16833.392,16804.916,16776.44,16670.856,16565.272,16459.688,16354.104,16248.52,16236.202,16223.884,16211.566,16199.248,16186.93,16089.30554,15991.68107,15894.05661,15796.43215,15698.80768,15643.83645,15588.86522,15533.89399,15478.92276,15423.95152,15368.98029,15314.00906,15259.03783,15204.0666
5TWIIA,,,,,,,,,,,,,,5841.19,5887.524,5933.858,5980.192,6026.526,6072.86,6135.97,6199.08,6262.19,6325.3,6388.41,6493.744,6599.078,6704.412,6809.746,6915.08,6976.226,7037.372,7098.518,7159.664,7220.81,7324.668,7428.526,7532.384,7636.242,7740.1,7764.907001,7789.714002,7814.521003,7839.328004,7864.135005,7928.467506,7992.800007,8057.132507,8121.465008,8185.797508,8250.130009,8314.462509,8378.79501,8443.12751
5TWIIL,,,,,,,,,,,,,,60783.71,62046.538,63309.366,64572.194,65835.022,67097.85,68671.316,70244.782,71818.248,73391.714,74965.18,77435.968,79906.756,82377.544,84848.332,87319.12,89185.69,91052.26,92918.83,94785.4,96651.97,98718.46,100784.95,102851.44,104917.93,106984.42,106486.5235,105988.627,105490.7305,104992.834,104494.9375,105279.2342,106063.531,106847.8277,107632.1245,108416.4212,109200.718,109985.0147,110769.3115,111553.6082
5TWIMI,,,,,,,,,,,,,,7301.86,7368.222,7434.584,7500.946,7567.308,7633.67,7730.09,7826.51,7922.93,8019.35,8115.77,8195.68,8275.59,8355.5,8435.41,8515.32,8623.918,8732.516,8841.114,8949.712,9058.31,9145.76,9233.21,9320.66,9408.11,9495.56,9450.223666,9404.887332,9359.550998,9314.214664,9268.87833,9289.935164,9310.991997,9332.04883,9353.105663,9374.162496,9395.219329,9416.276162,9437.332995,9458.389828
5TWIMN,,,,,,,,,,,,,,11307.86,11404.66,11501.46,11598.26,11695.06,11791.86,11954.26,12116.66,12279.06,12441.46,12603.86,12792.958,12982.056,13171.154,13360.252,13549.35,13740.326,13931.302,14122.278,14313.254,14504.23,14747.22,14990.21,15233.2,15476.19,15719.18,15701.2036,15683.22719,15665.25079,15647.27438,15629.29798,15741.80477,15854.31157,15966.81837,16079.32517,16191.83196,16304.33876,16416.84556,16529.35236,16641.85915
5TWVKY,,,,,,,,,,,,,,10343.72,10261.612,10179.504,10097.396,10015.288,9933.18,9853.286,9773.392,9693.498,9613.604,9533.71,9490.336,9446.962,9403.588,9360.214,9316.84,9311.91,9306.98,9302.05,9297.12,9292.19,9245.448,9198.706,9151.964,9105.222,9058.48,8959.381358,8860.282715,8761.184073,8662.085431,8562.986788,8490.066467,8417.146146,8344.225825,8271.305504,8198.385183,8125.464861,8052.54454,7979.624219,7906.703898
5TWVMD,,,,,,,,,,,,,,87217.77,87675.768,88133.766,88591.764,89049.762,89507.76,89908.508,90309.256,90710.004,91110.752,91511.5,92474.418,93437.336,94400.254,95363.172,96326.09,97472.608,98619.126,99765.644,100912.162,102058.68,103475.122,104891.564,106308.006,107724.448,109140.89,109003.3808,108865.8716,108728.3623,108590.8531,108453.3439,109092.8103,109732.2767,110371.7431,111011.2095,111650.6758,112290.1422,112929.6086,113569.075,114208.5414
5TWVOH,,,,,,,,,,,,,,46244.47,45585.492,44926.514,44267.536,43608.558,42949.58,42506.522,42063.464,41620.406,41177.348,40734.29,40388.4,40042.51,39696.62,39350.73,39004.84,38927.298,38849.756,38772.214,38694.672,38617.13,38518.29,38419.45,38320.61,38221.77,38122.93,38101.166,38079.402,38057.63801,38035.87401,38014.11001,37953.80801,37893.50601,37833.20402,37772.90202,37712.60002,37652.29802,37591.99602,37531.69402,37471.39202
5TWVPA,,,,,,,,,,,,,,16139.11,16393.846,16648.582,16903.318,17158.054,17412.79,17702.15,17991.51,18280.87,18570.23,18859.59,19289.168,19718.746,20148.324,20577.902,21007.48,21527.344,22047.208,22567.072,23086.936,23606.8,24142.588,24678.376,25214.164,25749.952,26285.74,26358.40755,26431.07509,26503.74264,26576.41019,26649.07774,26953.30551,27257.53328,27561.76106,27865.98883,28170.2166,28474.44438,28778.67215,29082.89993,29387.1277
5TWVVA,,,,,,,,,,,,,,110971.77,112801.246,114630.722,116460.198,118289.674,120119.15,122712.046,125304.942,127897.838,130490.734,133083.63,136459.976,139836.322,143212.668,146589.014,149965.36,154471.05,158976.74,163482.43,167988.12,172493.81,176756.394,181018.978,185281.562,189544.146,193806.73,191385.1577,188963.5853,186542.013,184120.4406,181698.8683,182619.3741,183539.88,184460.3858,185380.8916,186301.3975,187221.9033,188142.4091,189062.9149,189983.4208
5TWYCO,,,,,,,,,,,,,,110542.71,113135.536,115728.362,118321.188,120914.014,123506.84,124699.966,125893.092,127086.218,128279.344,129472.47,131592.56,133712.65,135832.74,137952.83,140072.92,143376.27,146679.62,149982.97,153286.32,156589.67,160348.776,164107.882,167866.988,171626.094,175385.2,175220.5343,175055.8687,174891.203,174726.5373,174561.8717,176359.0918,178156.312,179953.5322,181750.7523,183547.9725,185345.1927,187142.4129,188939.633,190736.8532
5TWYID,,,,,,,,,,,,,,774.98,787.832,800.684,813.536,826.388,839.24,853.31,867.38,881.45,895.52,909.59,929.37,949.15,968.93,988.71,1008.49,1036.064,1063.638,1091.212,1118.786,1146.36,1179.406,1212.452,1245.498,1278.544,1311.59,1325.380951,1339.171902,1352.962854,1366.753805,1380.544756,1403.963232,1427.381707,1450.800183,1474.218659,1497.637134,1521.05561,1544.474085,1567.892561,1591.311037
5TWYMT,,,,,,,,,,,,,,14118.47,14469.438,14820.406,15171.374,15522.342,15873.31,16341.716,16810.122,17278.528,17746.934,18215.34,18763.874,19312.408,19860.942,20409.476,20958.01,21647.66,22337.31,23026.96,23716.61,24406.26,25155.988,25905.716,26655.444,27405.172,28154.9,27968.99733,27783.09466,27597.19199,27411.28932,27225.38665,27507.29932,27789.21198,28071.12465,28353.03731,28634.94998,28916.86264,29198.77531,29480.68797,29762.60064
5TWYNE,,,,,,,,,,,,,,270254.23,279444.008,288633.786,297823.564,307013.342,316203.12,326559.66,336916.2,347272.74,357629.28,367985.82,377988.55,387991.28,397994.01,407996.74,417999.47,433528.072,449056.674,464585.276,480113.878,495642.48,513138.14,530633.8,548129.46,565625.12,583120.78,577491.5828,571862.3855,566233.1883,560603.991,554974.7938,560908.0252,566841.2566,572774.488,578707.7193,584640.9507,590574.1821,596507.4135,602440.6449,608373.8762
5TWYSD,,,,,,,,,,,,,,39143.91,40166.472,41189.034,42211.596,43234.158,44256.72,45442.612,46628.504,47814.396,49000.288,50186.18,51501.378,52816.576,54131.774,55446.972,56762.17,58374.802,59987.434,61600.066,63212.698,64825.33,66744.568,68663.806,70583.044,72502.282,74421.52,74598.09735,74774.67469,74951.25204,75127.82938,75304.40673,76352.3144,77400.22207,78448.12975,79496.03742,80543.94509,81591.85277,82639.76044,83687.66811,84735.57578
5TWYUT,,,,,,,,,,,,,,27333.37,28325.286,29317.202,30309.118,31301.034,32292.95,33229.048,34165.146,35101.244,36037.342,36973.44,37380.228,37787.016,38193.804,38600.592,39007.38,39514.98,40022.58,40530.18,41037.78,41545.38,42457.578,43369.776,44281.974,45194.172,46106.37,44911.38333,43716.39666,42521.40999,41326.42332,40131.43665,39990.04232,39848.64798,39707.25365,39565.85931,39424.46498,39283.07064,39141.67631,39000.28197,38858.88764
