from,to,const,
% Hybrid vehicles (GWh / thousand cars),,,
Gh01,EL01,0.087080194,
Gh02,EL02,0.087080194,
Gh03,EL03,0.087080194,
Gh04,EL04,0.087080194,
Gh05,EL05,0.087080194,
Gh06,EL06,0.087080194,
Gh07,EL07,0.087080194,
Gh08,EL08,0.087080194,
Gh09,EL09,0.087080194,
Gh10,EL10,0.087080194,
Gh11,EL11,0.087080194,
Gh12,EL12,0.087080194,
Gh13,EL13,0.087080194,
% Diesel train (MM gallon/ k-ton mile),,,
ttALFL,DD09,1.53E-06,
ttALFL,DD08,1.53E-06,
ttALGA,DD09,3.06E-06,
ttALMS,DD09,3.06E-06,
ttALTN,DD09,4.55E-06,
ttARLA,DD10,4.12E-06,
ttARMO,DD10,1.85E-06,
ttARMO,DD04,1.85E-06,
ttARMS,DD10,1.85E-06,
ttARMS,DD09,1.85E-06,
ttAROK,DD10,3.69E-06,
ttARTN,DD10,2.27E-06,
ttARTN,DD09,2.27E-06,
ttARTX,DD10,1.85E-06,
ttARTX,DD02,1.85E-06,
ttAZCA,DD12,2.70E-06,
ttAZCA,DD13,2.70E-06,
ttAZCO,DD12,4.55E-06,
ttAZNM,DD12,5.40E-06,
ttAZNV,DD12,2.27E-06,
ttAZNV,DD11,2.27E-06,
ttAZUT,DD12,2.70E-06,
ttAZUT,DD11,2.70E-06,
ttCANV,DD13,2.27E-06,
ttCANV,DD11,2.27E-06,
ttCAOR,DD13,2.17E-06,
ttCAOR,DD11,2.17E-06,
ttCOKS,DD12,1.63E-06,
ttCOKS,DD10,1.63E-06,
ttCONE,DD12,1.85E-06,
ttCONE,DD05,1.85E-06,
ttCONM,DD12,3.91E-06,
ttCOOK,DD12,1.63E-06,
ttCOOK,DD10,1.63E-06,
ttCOUT,DD12,2.81E-06,
ttCOUT,DD11,2.81E-06,
ttCOWY,DD12,3.91E-06,
ttCTMA,DD07,3.69E-06,
ttCTNY,DD07,1.85E-06,
ttCTNY,DD06,1.85E-06,
ttCTRI,DD07,3.06E-06,
ttDEMD,DD03,3.06E-06,
ttDENJ,DD03,3.06E-06,
ttDEPA,DD03,4.12E-06,
ttFLGA,DD08,1.53E-06,
ttFLGA,DD09,1.53E-06,
ttGANC,DD09,3.48E-06,
ttGASC,DD09,3.06E-06,
ttGATN,DD09,4.12E-06,
ttIAIL,DD05,1.63E-06,
ttIAIL,DD04,1.63E-06,
ttIAMN,DD05,3.27E-06,
ttIAMO,DD05,1.85E-06,
ttIAMO,DD04,1.85E-06,
ttIANE,DD05,3.48E-06,
ttIASD,DD05,3.48E-06,
ttIAWI,DD05,1.74E-06,
ttIAWI,DD04,1.74E-06,
ttIDMT,DD11,5.40E-06,
ttIDNV,DD11,4.55E-06,
ttIDOR,DD11,5.40E-06,
ttIDUT,DD11,4.97E-06,
ttIDWA,DD11,5.83E-06,
ttIDWY,DD11,2.49E-06,
ttIDWY,DD12,2.49E-06,
ttILIN,DD04,1.63E-06,
ttILIN,DD01,1.63E-06,
ttILKY,DD04,1.85E-06,
ttILKY,DD09,1.85E-06,
ttILMO,DD04,3.69E-06,
ttILWI,DD04,3.27E-06,
ttINKY,DD01,1.74E-06,
ttINKY,DD09,1.74E-06,
ttINMI,DD01,3.27E-06,
ttINOH,DD01,3.27E-06,
ttKSMO,DD10,1.74E-06,
ttKSMO,DD04,1.74E-06,
ttKSNE,DD10,1.74E-06,
ttKSNE,DD05,1.74E-06,
ttKSOK,DD10,3.27E-06,
ttKYMO,DD09,1.95E-06,
ttKYMO,DD04,1.95E-06,
ttKYOH,DD09,1.85E-06,
ttKYOH,DD01,1.85E-06,
ttKYTN,DD09,5.40E-06,
ttKYVA,DD09,5.61E-06,
ttKYWV,DD09,2.81E-06,
ttKYWV,DD01,2.81E-06,
ttLAMS,DD10,1.53E-06,
ttLAMS,DD09,1.53E-06,
ttLATX,DD10,1.74E-06,
ttLATX,DD02,1.74E-06,
ttMANH,DD07,4.12E-06,
ttMANY,DD07,2.06E-06,
ttMANY,DD06,2.06E-06,
ttMARI,DD07,3.27E-06,
ttMAVT,DD07,4.33E-06,
ttMDPA,DD03,4.12E-06,
ttMDVA,DD03,1.63E-06,
ttMDVA,DD09,1.63E-06,
ttMDWV,DD03,2.27E-06,
ttMENH,DD07,4.33E-06,
ttMIOH,DD01,3.27E-06,
ttMIWI,DD01,1.74E-06,
ttMIWI,DD04,1.74E-06,
ttMNND,DD05,1.74E-06,
ttMNND,DD02,1.74E-06,
ttMNSD,DD05,3.48E-06,
ttMNWI,DD05,1.74E-06,
ttMNWI,DD04,1.74E-06,
ttMONE,DD04,1.74E-06,
ttMONE,DD05,1.74E-06,
ttMOOK,DD04,1.63E-06,
ttMOOK,DD10,1.63E-06,
ttMOTN,DD04,2.17E-06,
ttMOTN,DD09,2.17E-06,
ttMSTN,DD09,3.91E-06,
ttMTND,DD11,2.06E-06,
ttMTND,DD02,2.06E-06,
ttMTSD,DD11,2.06E-06,
ttMTSD,DD05,2.06E-06,
ttMTWY,DD11,2.49E-06,
ttMTWY,DD12,2.49E-06,
ttNCSC,DD09,3.06E-06,
ttNCTN,DD09,5.61E-06,
ttNCVA,DD09,3.06E-06,
ttNDSD,DD02,1.85E-06,
ttNDSD,DD05,1.85E-06,
ttNESD,DD05,3.69E-06,
ttNEWY,DD05,2.06E-06,
ttNEWY,DD12,2.06E-06,
ttNHVT,DD07,4.33E-06,
ttNJNY,DD03,1.95E-06,
ttNJNY,DD06,1.95E-06,
ttNJPA,DD03,4.12E-06,
ttNMOK,DD12,1.95E-06,
ttNMOK,DD10,1.95E-06,
ttNMTX,DD12,2.70E-06,
ttNMTX,DD02,2.70E-06,
ttNMUT,DD12,2.70E-06,
ttNMUT,DD11,2.70E-06,
ttNVOR,DD11,4.55E-06,
ttNVUT,DD11,4.55E-06,
ttNYPA,DD06,2.06E-06,
ttNYPA,DD03,2.06E-06,
ttNYVT,DD06,2.17E-06,
ttNYVT,DD07,2.17E-06,
ttOHPA,DD01,2.49E-06,
ttOHPA,DD03,2.49E-06,
ttOHWV,DD01,5.19E-06,
ttOKTX,DD10,1.74E-06,
ttOKTX,DD02,1.74E-06,
ttORWA,DD11,5.40E-06,
ttPAWV,DD03,2.70E-06,
ttPAWV,DD01,2.70E-06,
ttSDWY,DD05,1.95E-06,
ttSDWY,DD12,1.95E-06,
ttTNVA,DD09,5.61E-06,
ttUTWY,DD11,2.27E-06,
ttUTWY,DD12,2.27E-06,
ttVAWV,DD09,2.06E-06,
ttVAWV,DD01,2.06E-06,
% Diesel truck (MM gallon/ k-ton mile),,,
kkALFL,DD09,4.33E-06,
kkALFL,DD08,4.33E-06,
kkALGA,DD09,8.66E-06,
kkALMS,DD09,8.66E-06,
kkALTN,DD09,1.29E-05,
kkARLA,DD10,1.17E-05,
kkARMO,DD10,5.24E-06,
kkARMO,DD04,5.24E-06,
kkARMS,DD10,5.24E-06,
kkARMS,DD09,5.24E-06,
kkAROK,DD10,1.05E-05,
kkARTN,DD10,6.44E-06,
kkARTN,DD09,6.44E-06,
kkARTX,DD10,5.24E-06,
kkARTX,DD02,5.24E-06,
kkAZCA,DD12,7.65E-06,
kkAZCA,DD13,7.65E-06,
kkAZCO,DD12,1.29E-05,
kkAZNM,DD12,1.53E-05,
kkAZNV,DD12,6.44E-06,
kkAZNV,DD11,6.44E-06,
kkAZUT,DD12,7.65E-06,
kkAZUT,DD11,7.65E-06,
kkCANV,DD13,6.44E-06,
kkCANV,DD11,6.44E-06,
kkCAOR,DD13,6.14E-06,
kkCAOR,DD11,6.14E-06,
kkCOKS,DD12,4.63E-06,
kkCOKS,DD10,4.63E-06,
kkCONE,DD12,5.24E-06,
kkCONE,DD05,5.24E-06,
kkCONM,DD12,1.11E-05,
kkCOOK,DD12,4.63E-06,
kkCOOK,DD10,4.63E-06,
kkCOUT,DD12,7.95E-06,
kkCOUT,DD11,7.95E-06,
kkCOWY,DD12,1.11E-05,
kkCTMA,DD07,1.05E-05,
kkCTNY,DD07,5.24E-06,
kkCTNY,DD06,5.24E-06,
kkCTRI,DD07,8.66E-06,
kkDEMD,DD03,8.66E-06,
kkDENJ,DD03,8.66E-06,
kkDEPA,DD03,1.17E-05,
kkFLGA,DD08,4.33E-06,
kkFLGA,DD09,4.33E-06,
kkGANC,DD09,9.87E-06,
kkGASC,DD09,8.66E-06,
kkGATN,DD09,1.17E-05,
kkIAIL,DD05,4.63E-06,
kkIAIL,DD04,4.63E-06,
kkIAMN,DD05,9.26E-06,
kkIAMO,DD05,5.24E-06,
kkIAMO,DD04,5.24E-06,
kkIANE,DD05,9.87E-06,
kkIASD,DD05,9.87E-06,
kkIAWI,DD05,4.93E-06,
kkIAWI,DD04,4.93E-06,
kkIDMT,DD11,1.53E-05,
kkIDNV,DD11,1.29E-05,
kkIDOR,DD11,1.53E-05,
kkIDUT,DD11,1.41E-05,
kkIDWA,DD11,1.65E-05,
kkIDWY,DD11,7.05E-06,
kkIDWY,DD12,7.05E-06,
kkILIN,DD04,4.63E-06,
kkILIN,DD01,4.63E-06,
kkILKY,DD04,5.24E-06,
kkILKY,DD09,5.24E-06,
kkILMO,DD04,1.05E-05,
kkILWI,DD04,9.26E-06,
kkINKY,DD01,4.93E-06,
kkINKY,DD09,4.93E-06,
kkINMI,DD01,9.26E-06,
kkINOH,DD01,9.26E-06,
kkKSMO,DD10,4.93E-06,
kkKSMO,DD04,4.93E-06,
kkKSNE,DD10,4.93E-06,
kkKSNE,DD05,4.93E-06,
kkKSOK,DD10,9.26E-06,
kkKYMO,DD09,5.54E-06,
kkKYMO,DD04,5.54E-06,
kkKYOH,DD09,5.24E-06,
kkKYOH,DD01,5.24E-06,
kkKYTN,DD09,1.53E-05,
kkKYVA,DD09,1.59E-05,
kkKYWV,DD09,7.95E-06,
kkKYWV,DD01,7.95E-06,
kkLAMS,DD10,4.33E-06,
kkLAMS,DD09,4.33E-06,
kkLATX,DD10,4.93E-06,
kkLATX,DD02,4.93E-06,
kkMANH,DD07,1.17E-05,
kkMANY,DD07,5.84E-06,
kkMANY,DD06,5.84E-06,
kkMARI,DD07,9.26E-06,
kkMAVT,DD07,1.23E-05,
kkMDPA,DD03,1.17E-05,
kkMDVA,DD03,4.63E-06,
kkMDVA,DD09,4.63E-06,
kkMDWV,DD03,6.44E-06,
kkMENH,DD07,1.23E-05,
kkMIOH,DD01,9.26E-06,
kkMIWI,DD01,4.93E-06,
kkMIWI,DD04,4.93E-06,
kkMNND,DD05,4.93E-06,
kkMNND,DD02,4.93E-06,
kkMNSD,DD05,9.87E-06,
kkMNWI,DD05,4.93E-06,
kkMNWI,DD04,4.93E-06,
kkMONE,DD04,4.93E-06,
kkMONE,DD05,4.93E-06,
kkMOOK,DD04,4.63E-06,
kkMOOK,DD10,4.63E-06,
kkMOTN,DD04,6.14E-06,
kkMOTN,DD09,6.14E-06,
kkMSTN,DD09,1.11E-05,
kkMTND,DD11,5.84E-06,
kkMTND,DD02,5.84E-06,
kkMTSD,DD11,5.84E-06,
kkMTSD,DD05,5.84E-06,
kkMTWY,DD11,7.05E-06,
kkMTWY,DD12,7.05E-06,
kkNCSC,DD09,8.66E-06,
kkNCTN,DD09,1.59E-05,
kkNCVA,DD09,8.66E-06,
kkNDSD,DD02,5.24E-06,
kkNDSD,DD05,5.24E-06,
kkNESD,DD05,1.05E-05,
kkNEWY,DD05,5.84E-06,
kkNEWY,DD12,5.84E-06,
kkNHVT,DD07,1.23E-05,
kkNJNY,DD03,5.54E-06,
kkNJNY,DD06,5.54E-06,
kkNJPA,DD03,1.17E-05,
kkNMOK,DD12,5.54E-06,
kkNMOK,DD10,5.54E-06,
kkNMTX,DD12,7.65E-06,
kkNMTX,DD02,7.65E-06,
kkNMUT,DD12,7.65E-06,
kkNMUT,DD11,7.65E-06,
kkNVOR,DD11,1.29E-05,
kkNVUT,DD11,1.29E-05,
kkNYPA,DD06,5.84E-06,
kkNYPA,DD03,5.84E-06,
kkNYVT,DD06,6.14E-06,
kkNYVT,DD07,6.14E-06,
kkOHPA,DD01,7.05E-06,
kkOHPA,DD03,7.05E-06,
kkOHWV,DD01,1.47E-05,
kkOKTX,DD10,4.93E-06,
kkOKTX,DD02,4.93E-06,
kkORWA,DD11,1.53E-05,
kkPAWV,DD03,7.65E-06,
kkPAWV,DD01,7.65E-06,
kkSDWY,DD05,5.54E-06,
kkSDWY,DD12,5.54E-06,
kkTNVA,DD09,1.59E-05,
kkUTWY,DD11,6.44E-06,
kkUTWY,DD12,6.44E-06,
kkVAWV,DD09,5.84E-06,
kkVAWV,DD01,5.84E-06,
% Diesel train (MM gallon/ k-ton mile),,,
eeALFL,EL09,4.25E-06,
eeALFL,EL08,4.25E-06,
eeALGA,EL09,8.51E-06,
eeALMS,EL09,8.51E-06,
eeALTN,EL09,1.27E-05,
eeARLA,EL10,1.15E-05,
eeARMO,EL10,5.14E-06,
eeARMO,EL04,5.14E-06,
eeARMS,EL10,5.14E-06,
eeARMS,EL09,5.14E-06,
eeAROK,EL10,1.03E-05,
eeARTN,EL10,6.33E-06,
eeARTN,EL09,6.33E-06,
eeARTX,EL10,5.14E-06,
eeARTX,EL02,5.14E-06,
eeAZCA,EL12,7.52E-06,
eeAZCA,EL13,7.52E-06,
eeAZCO,EL12,1.27E-05,
eeAZNM,EL12,1.50E-05,
eeAZNV,EL12,6.33E-06,
eeAZNV,EL11,6.33E-06,
eeAZUT,EL12,7.52E-06,
eeAZUT,EL11,7.52E-06,
eeCANV,EL13,6.33E-06,
eeCANV,EL11,6.33E-06,
eeCAOR,EL13,6.03E-06,
eeCAOR,EL11,6.03E-06,
eeCOKS,EL12,4.55E-06,
eeCOKS,EL10,4.55E-06,
eeCONE,EL12,5.14E-06,
eeCONE,EL05,5.14E-06,
eeCONM,EL12,1.09E-05,
eeCOOK,EL12,4.55E-06,
eeCOOK,EL10,4.55E-06,
eeCOUT,EL12,7.81E-06,
eeCOUT,EL11,7.81E-06,
eeCOWY,EL12,1.09E-05,
eeCTMA,EL07,1.03E-05,
eeCTNY,EL07,5.14E-06,
eeCTNY,EL06,5.14E-06,
eeCTRI,EL07,8.51E-06,
eeDEMD,EL03,8.51E-06,
eeDENJ,EL03,8.51E-06,
eeDEPA,EL03,1.15E-05,
eeFLGA,EL08,4.25E-06,
eeFLGA,EL09,4.25E-06,
eeGANC,EL09,9.69E-06,
eeGASC,EL09,8.51E-06,
eeGATN,EL09,1.15E-05,
eeIAIL,EL05,4.55E-06,
eeIAIL,EL04,4.55E-06,
eeIAMN,EL05,9.10E-06,
eeIAMO,EL05,5.14E-06,
eeIAMO,EL04,5.14E-06,
eeIANE,EL05,9.69E-06,
eeIASD,EL05,9.69E-06,
eeIAWI,EL05,4.85E-06,
eeIAWI,EL04,4.85E-06,
eeIDMT,EL11,1.50E-05,
eeIDNV,EL11,1.27E-05,
eeIDOR,EL11,1.50E-05,
eeIDUT,EL11,1.38E-05,
eeIDWA,EL11,1.62E-05,
eeIDWY,EL11,6.92E-06,
eeIDWY,EL12,6.92E-06,
eeILIN,EL04,4.55E-06,
eeILIN,EL01,4.55E-06,
eeILKY,EL04,5.14E-06,
eeILKY,EL09,5.14E-06,
eeILMO,EL04,1.03E-05,
eeILWI,EL04,9.10E-06,
eeINKY,EL01,4.85E-06,
eeINKY,EL09,4.85E-06,
eeINMI,EL01,9.10E-06,
eeINOH,EL01,9.10E-06,
eeKSMO,EL10,4.85E-06,
eeKSMO,EL04,4.85E-06,
eeKSNE,EL10,4.85E-06,
eeKSNE,EL05,4.85E-06,
eeKSOK,EL10,9.10E-06,
eeKYMO,EL09,5.44E-06,
eeKYMO,EL04,5.44E-06,
eeKYOH,EL09,5.14E-06,
eeKYOH,EL01,5.14E-06,
eeKYTN,EL09,1.50E-05,
eeKYVA,EL09,1.56E-05,
eeKYWV,EL09,7.81E-06,
eeKYWV,EL01,7.81E-06,
eeLAMS,EL10,4.25E-06,
eeLAMS,EL09,4.25E-06,
eeLATX,EL10,4.85E-06,
eeLATX,EL02,4.85E-06,
eeMANH,EL07,1.15E-05,
eeMANY,EL07,5.74E-06,
eeMANY,EL06,5.74E-06,
eeMARI,EL07,9.10E-06,
eeMAVT,EL07,1.21E-05,
eeMDPA,EL03,1.15E-05,
eeMDVA,EL03,4.55E-06,
eeMDVA,EL09,4.55E-06,
eeMDWV,EL03,6.33E-06,
eeMENH,EL07,1.21E-05,
eeMIOH,EL01,9.10E-06,
eeMIWI,EL01,4.85E-06,
eeMIWI,EL04,4.85E-06,
eeMNND,EL05,4.85E-06,
eeMNND,EL02,4.85E-06,
eeMNSD,EL05,9.69E-06,
eeMNWI,EL05,4.85E-06,
eeMNWI,EL04,4.85E-06,
eeMONE,EL04,4.85E-06,
eeMONE,EL05,4.85E-06,
eeMOOK,EL04,4.55E-06,
eeMOOK,EL10,4.55E-06,
eeMOTN,EL04,6.03E-06,
eeMOTN,EL09,6.03E-06,
eeMSTN,EL09,1.09E-05,
eeMTND,EL11,5.74E-06,
eeMTND,EL02,5.74E-06,
eeMTSD,EL11,5.74E-06,
eeMTSD,EL05,5.74E-06,
eeMTWY,EL11,6.92E-06,
eeMTWY,EL12,6.92E-06,
eeNCSC,EL09,8.51E-06,
eeNCTN,EL09,1.56E-05,
eeNCVA,EL09,8.51E-06,
eeNDSD,EL02,5.14E-06,
eeNDSD,EL05,5.14E-06,
eeNESD,EL05,1.03E-05,
eeNEWY,EL05,5.74E-06,
eeNEWY,EL12,5.74E-06,
eeNHVT,EL07,1.21E-05,
eeNJNY,EL03,5.44E-06,
eeNJNY,EL06,5.44E-06,
eeNJPA,EL03,1.15E-05,
eeNMOK,EL12,5.44E-06,
eeNMOK,EL10,5.44E-06,
eeNMTX,EL12,7.52E-06,
eeNMTX,EL02,7.52E-06,
eeNMUT,EL12,7.52E-06,
eeNMUT,EL11,7.52E-06,
eeNVOR,EL11,1.27E-05,
eeNVUT,EL11,1.27E-05,
eeNYPA,EL06,5.74E-06,
eeNYPA,EL03,5.74E-06,
eeNYVT,EL06,6.03E-06,
eeNYVT,EL07,6.03E-06,
eeOHPA,EL01,6.92E-06,
eeOHPA,EL03,6.92E-06,
eeOHWV,EL01,1.44E-05,
eeOKTX,EL10,4.85E-06,
eeOKTX,EL02,4.85E-06,
eeORWA,EL11,1.50E-05,
eePAWV,EL03,7.52E-06,
eePAWV,EL01,7.52E-06,
eeSDWY,EL05,5.44E-06,
eeSDWY,EL12,5.44E-06,
eeTNVA,EL09,1.56E-05,
eeUTWY,EL11,6.33E-06,
eeUTWY,EL12,6.33E-06,
eeVAWV,EL09,5.74E-06,
eeVAWV,EL01,5.74E-06,
%,% Demand of electricity due to Hydrogen Production from coal (GWh/Kg H2),,
%,HC01,EL07,1.43E-05
%,HC02,EL03,1.43E-05
%,HC03,EL01,1.43E-05
%,HC04,EL05,1.43E-05
%,HC05,EL09,1.43E-05
%,HC06,EL10,1.43E-05
%,HC07,EL02,1.43E-05
%,HC08,EL11,1.43E-05
%,HC09,EL13,1.43E-05
%,% Demand of electricity due to Hydrogen Transmissions from coal (GWh/Kg H2),,
%,HT01,EL07,0.000002
%,HT02,EL03,0.000002
%,HT03,EL01,0.000002
%,HT04,EL05,0.000002
%,HT05,EL09,0.000002
%,HT06,EL10,0.000002
%,HT07,EL02,0.000002
%,HT08,EL11,0.000002
%,HT09,EL13,0.000002
%,% Demand of electricity due to Hydrogen Production from coal (GWh/Kg H2),,
%,HA01,EL07,1.57E-05
%,HA02,EL03,1.57E-05
%,HA03,EL01,1.57E-05
%,HA04,EL05,1.57E-05
%,HA05,EL09,1.57E-05
%,HA06,EL10,1.57E-05
%,HA07,EL02,1.57E-05
%,HA08,EL11,1.57E-05
%,HA09,EL13,1.57E-05
%,% Demand of electricity due to Hydrogen PTransmissions from coal (GWh/Kg H2),,
%,HB01,EL07,0.000002
%,HB02,EL03,0.000002
%,HB03,EL01,0.000002
%,HB04,EL05,0.000002
%,HB05,EL09,0.000002
%,HB06,EL10,0.000002
%,HB07,EL02,0.000002
%,HB08,EL11,0.000002
%,HB09,EL13,0.000002
%,% Hydrogen Central Stations (GWh/Kg H2),,
%,HR01,EL07,1.17E-05
%,HR02,EL03,1.17E-05
%,HR03,EL01,1.17E-05
%,HR04,EL05,1.17E-05
%,HR05,EL09,1.17E-05
%,HR06,EL10,1.17E-05
%,HR07,EL02,1.17E-05
%,HR08,EL11,1.17E-05
%,HR09,EL13,1.17E-05
%,HF01,EL07,0.000002
%,HF02,EL03,0.000002
%,HF03,EL01,0.000002
%,HF04,EL05,0.000002
%,HF05,EL09,0.000002
%,HF06,EL10,0.000002
%,HF07,EL02,0.000002
%,HF08,EL11,0.000002
%,HF09,EL13,0.000002
%,HO01,EL07,1.28E-05
%,HO02,EL03,1.28E-05
%,HO03,EL01,1.28E-05
%,HO04,EL05,1.28E-05
%,HO05,EL09,1.28E-05
%,HO06,EL10,1.28E-05
%,HO07,EL02,1.28E-05
%,HO08,EL11,1.28E-05
%,HO09,EL13,1.28E-05
%,HN01,EL07,0.000002
%,HN02,EL03,0.000002
%,HN03,EL01,0.000002
%,HN04,EL05,0.000002
%,HN05,EL09,0.000002
%,HN06,EL10,0.000002
%,HN07,EL02,0.000002
%,HN08,EL11,0.000002
%,HN09,EL13,0.000002
%,% Midsize Stations,,
%,HE01,EL07,1.30E-05
%,HE02,EL03,1.30E-05
%,HE03,EL01,1.30E-05
%,HE04,EL05,1.30E-05
%,HE05,EL09,1.30E-05
%,HE06,EL10,1.30E-05
%,HE07,EL02,1.30E-05
%,HE08,EL11,1.30E-05
%,HE09,EL13,1.30E-05
%,HH01,EL07,0.000002
%,HH02,EL03,0.000002
%,HH03,EL01,0.000002
%,HH04,EL05,0.000002
%,HH05,EL09,0.000002
%,HH06,EL10,0.000002
%,HH07,EL02,0.000002
%,HH08,EL11,0.000002
%,HH09,EL13,0.000002
