from,to,const
% Coal generators (short ton per GWh),,
EC,EL,919.351458
ED,EL,865.10407
% Natural gas generators,,
EG,EL,407.078896
ET,EL,555.693674
% Petroleum generation,,
EO,EL,808.09808
% Geothermal,,
E1,EL,123.570698
% Nuclear,,
EN,EL,8.50984332
% Rail and truck (short ton / MM gallon used),,
XD,DD,11100
% Vehicles (short ton / MM gallon used),,
GD,G,9700
% Hydrogen Emissions-Central Stations (Short Tone CO2/Kg H2 produced),,
HC,HT,0.020673
HA,HB,0.003306
HR,HF,0.01016
HO,HN,0.001686
HE,HH,0.045766
HD,Gf,0
