from,to,const
EC,EL,y40
ED,EL,y40
EW,EL,y25
EY,EL,y25
EV,EL,y30
EU,EL,y30
EN,EL,y60
EO,EL,y30
EP,EL,y30
EH,EL,y100
EG,EL,y30
ET,EL,y30
E2,EL,y50
E3,EL,y50
E1,EL,y50
% VEHICLES,,
G,VD,y12
% Rail,,
tt,,y60
% Hydrogen Central Stations (Plant life),,
% Hydrogen Transmission Pipeline,,
HC,HT,y40
% Hydrogen Distribution and Refueling Station,,
HT,HD,y30
% Hydrogen Central Stations (Plant life),,
% Hydrogen Transmission Pipeline,,
HA,HB,y40
% Hydrogen Distribution and Refueling Station,,
HB,HD,y30
% Hydrogen Central Stations (Plant life),,
HR,HF,y40
HF,HD,y30
HO,HN,y40
HN,HD,y30
% Hydrogen Central Stations (Plant life),,
HE,HH,y40
HH,HD,y30
Gf,VD,y12
