from,to
% Coal production to transportation node,
CPAL,2TAL
CPAZ,4TAZ
CPAR,3TAR
CPCO,4TCO
CPIL,3TIL
CPIN,3TIN
CPKS,3TKS
CPKY,2TKY
CPLA,1TLA
CPMD,2TMD
CPMS,1TMS
CPMO,3TMO
CPMT,4TMT
CPNM,4TNM
CPND,1TND
CPOH,2TOH
CPOK,3TOK
CPPA,2TPA
CPTN,2TTN
CPTX,1TTX
CPUT,4TUT
CPVA,2TVA
CPWV,2TWV
CPWY,4TWY
% Natural gas pipelines,
NTAB,NTMT
NTAL,NTFL
NTAL,NTGA
NTAL,NTMS
NTAL,NTTN
NTAR,NTLA
NTAR,NTMO
NTAR,NTMS
NTAR,NTOK
NTAR,NTTN
NTAR,NTTX
NTAZ,NTCA
NTAZ,NTNM
NTAZ,NTNV
NTBC,NTID
NTBC,NTWA
NTCA,NTNV
NTCA,NTOR
NTCO,NTKS
NTCO,NTNE
NTCO,NTNM
NTCO,NTOK
NTCO,NTUT
NTCO,NTWY
NTCT,NTMA
NTCT,NTNY
NTCT,NTRI
NTDE,NTMD
NTDE,NTNJ
NTDE,NTPA
NTFL,NTGA
NTGA,NTSC
NTGA,NTTN
NTIA,NTIL
NTIA,NTMN
NTIA,NTMO
NTIA,NTNE
NTIA,NTSD
NTID,NTNV
NTID,NTOR
NTID,NTUT
NTID,NTWA
NTIL,NTIN
NTIL,NTKY
NTIL,NTMO
NTIL,NTWI
NTIN,NTKY
NTIN,NTMI
NTIN,NTOH
NTKS,NTMO
NTKS,NTNE
NTKS,NTOK
NTKY,NTOH
NTKY,NTTN
NTKY,NTVA
NTKY,NTWV
NTLA,NTMS
NTLA,NTTX
NTMA,NTNH
NTMA,NTNY
NTMA,NTRI
NTMB,NTMN
NTMD,NTPA
NTMD,NTVA
NTMD,NTWV
NTME,NTNB
NTME,NTNH
NTMI,NTOH
NTMI,NTON
NTMI,NTWI
NTMN,NTND
NTMN,NTON
NTMN,NTSD
NTMN,NTWI
NTMO,NTNE
NTMO,NTOK
NTMS,NTTN
NTMT,NTND
NTMT,NTSK
NTMT,NTWY
NTNC,NTSC
NTNC,NTVA
NTND,NTSD
NTND,NTSK
NTNE,NTSD
NTNE,NTWY
NTNH,NTQU
NTNJ,NTNY
NTNJ,NTPA
NTNM,NTTX
NTNV,NTUT
NTNY,NTON
NTNY,NTPA
NTOH,NTPA
NTOH,NTWV
NTOK,NTTX
NTOR,NTWA
NTPA,NTWV
NTQU,NTVT
NTSD,NTWY
NTTN,NTVA
NTUT,NTWY
NTVA,NTWV
% Exports to Mexico,
NTAZ,NDMX
NTCA,NDMX
NTTX,NDMX
% Canadian points of entry,
XNCA,NTBC
XNCA,NTAB
XNCA,NTSK
XNCA,NTMB
XNCA,NTON
XNCA,NTQU
% Off-shore Gulf and Pacific pipelines,
NTFG,NTAL
NTFG,NTLA
NTFG,NTMS
NTFG,NTTX
NTFP,NTCA
% Natural gas production,
NPAL,NTAL
NPAR,NTAR
NPAZ,NTAZ
NPCA,NTCA
NPCO,NTCO
NPKS,NTKS
NPLA,NTLA
NPMI,NTMI
NPMS,NTMS
NPMT,NTMT
NPND,NTND
NPNE,NTNE
NPNM,NTNM
NPNY,NTNY
NPOH,NTOH
NPOK,NTOK
NPOR,NTOR
NPSD,NTSD
NPTX,NTTX
NPUT,NTUT
NPVA,NTVA
NPWV,NTWV
NPWY,NTWY
NPFG,NTFG % Offshore
NPFP,NTFP
% Natural gas storage,
NSAL,NSAL
NSAR,NSAR
NSCA,NSCA
NSCO,NSCO
NSIL,NSIL
NSIN,NSIN
NSIA,NSIA
NSKS,NSKS
NSKY,NSKY
NSLA,NSLA
NSMD,NSMD
NSMI,NSMI
NSMN,NSMN
NSMS,NSMS
NSMO,NSMO
NSMT,NSMT
NSNE,NSNE
NSNM,NSNM
NSNY,NSNY
NSOH,NSOH
NSOK,NSOK
NSOR,NSOR
NSPA,NSPA
NSTN,NSTN
NSTX,NSTX
NSUT,NSUT
NSVA,NSVA
NSWA,NSWA
NSWV,NSWV
NSWY,NSWY
NTAL,NSAL
NTAR,NSAR
NTCA,NSCA
NTCO,NSCO
NTIL,NSIL
NTIN,NSIN
NTIA,NSIA
NTKS,NSKS
NTKY,NSKY
NTLA,NSLA
NTMD,NSMD
NTMI,NSMI
NTMN,NSMN
NTMS,NSMS
NTMO,NSMO
NTMT,NSMT
NTNE,NSNE
NTNM,NSNM
NTNY,NSNY
NTOH,NSOH
NTOK,NSOK
NTOR,NSOR
NTPA,NSPA
NTTN,NSTN
NTTX,NSTX
NTUT,NSUT
NTVA,NSVA
NTWA,NSWA
NTWV,NSWV
NTWY,NSWY
NSAL,NTAL
NSAR,NTAR
NSCA,NTCA
NSCO,NTCO
NSIL,NTIL
NSIN,NTIN
NSIA,NTIA
NSKS,NTKS
NSKY,NTKY
NSLA,NTLA
NSMD,NTMD
NSMI,NTMI
NSMN,NTMN
NSMS,NTMS
NSMO,NTMO
NSMT,NTMT
NSNE,NTNE
NSNM,NTNM
NSNY,NTNY
NSOH,NTOH
NSOK,NTOK
NSOR,NTOR
NSPA,NTPA
NSTN,NTTN
NSTX,NTTX
NSUT,NTUT
NSVA,NTVA
NSWA,NTWA
NSWV,NTWV
NSWY,NTWY
% Pulverized coal,
EC01,EL01
EC02,EL02
EC03,EL03
EC04,EL04
EC05,EL05
EC06,EL06
EC07,EL07
EC08,EL08
EC09,EL09
EC10,EL10
EC11,EL11
EC12,EL12
EC13,EL13
% IGCC,
ED01,EL01
ED02,EL02
ED03,EL03
ED04,EL04
ED05,EL05
ED06,EL06
ED07,EL07
ED08,EL08
ED09,EL09
ED10,EL10
ED11,EL11
ED12,EL12
ED13,EL13
% Inland Wind,
EW01,EL01
EW02,EL02
EW03,EL03
EW04,EL04
EW05,EL05
EW06,EL06
EW07,EL07
EW08,EL08
EW09,EL09
EW10,EL10
EW11,EL11
EW12,EL12
EW13,EL13
% Off-shore wind,
EY02,EL02
EY03,EL03
EY07,EL07
EY08,EL08
EY09,EL09
EY11,EL11
EY13,EL13
% PV Solar,
EV01,EL01
EV02,EL02
EV03,EL03
EV04,EL04
EV05,EL05
EV06,EL06
EV07,EL07
EV08,EL08
EV09,EL09
EV10,EL10
EV11,EL11
EV12,EL12
EV13,EL13
% Solar Thermal,
EU01,EL01
EU02,EL02
EU03,EL03
EU04,EL04
EU05,EL05
EU06,EL06
EU07,EL07
EU08,EL08
EU09,EL09
EU10,EL10
EU11,EL11
EU12,EL12
EU13,EL13
% Nuclear,
EN01,EL01
EN02,EL02
EN03,EL03
EN04,EL04
EN05,EL05
EN06,EL06
EN07,EL07
EN08,EL08
EN09,EL09
EN10,EL10
EN11,EL11
EN12,EL12
EN13,EL13
% Nuclear fuel,
XN01,EN01
XN02,EN02
XN03,EN03
XN04,EN04
XN05,EN05
XN06,EN06
XN07,EN07
XN08,EN08
XN09,EN09
XN10,EN10
XN11,EN11
XN12,EN12
XN13,EN13
% Oil,
EO01,EL01
EO02,EL02
EO03,EL03
EO04,EL04
EO05,EL05
EO06,EL06
EO07,EL07
EO08,EL08
EO09,EL09
EO10,EL10
EO11,EL11
EO12,EL12
EO13,EL13
% Oil fuel,
XO01,EO01
XO02,EO02
XO03,EO03
XO04,EO04
XO05,EO05
XO06,EO06
XO07,EO07
XO08,EO08
XO09,EO09
XO10,EO10
XO11,EO11
XO12,EO12
XO13,EO13
% IPCC,
EP01,EL01
EP02,EL02
EP03,EL03
EP04,EL04
EP05,EL05
EP06,EL06
EP07,EL07
EP08,EL08
EP09,EL09
EP10,EL10
EP11,EL11
EP12,EL12
EP13,EL13
% Hydro,
EH01,EL01
EH02,EL02
EH03,EL03
EH04,EL04
EH05,EL05
EH06,EL06
EH07,EL07
EH08,EL08
EH09,EL09
EH10,EL10
EH11,EL11
EH12,EL12
EH13,EL13
% NGCC,
EG01,EL01
EG02,EL02
EG03,EL03
EG04,EL04
EG05,EL05
EG06,EL06
EG07,EL07
EG08,EL08
EG09,EL09
EG10,EL10
EG11,EL11
EG12,EL12
EG13,EL13
% CT,
ET01,EL01
ET02,EL02
ET03,EL03
ET04,EL04
ET05,EL05
ET06,EL06
ET07,EL07
ET08,EL08
ET09,EL09
ET10,EL10
ET11,EL11
ET12,EL12
ET13,EL13
% Geothermal,
E101,EL01
E102,EL02
E103,EL03
E104,EL04
E105,EL05
E106,EL06
E107,EL07
E108,EL08
E109,EL09
E110,EL10
E111,EL11
E112,EL12
E113,EL13
% Tidal Power,
E202,EL02
E203,EL03
E207,EL07
E208,EL08
E209,EL09
E211,EL11
E213,EL13
% Oceanic Thermal,
E302,EL02
E303,EL03
E307,EL07
E308,EL08
E309,EL09
E311,EL11
E313,EL13
% Electricity transmission,
EL01,EL03
EL01,EL04
EL01,EL09
EL02,EL10
EL03,EL06
EL03,EL09
EL04,EL05
EL04,EL09
EL04,EL10
EL05,EL10
EL05,EL11
EL05,EL12
EL06,EL07
EL08,EL09
EL09,EL10
EL10,EL12
EL11,EL12
EL11,EL13
EL12,EL13
% Electricity connections to Canada,
XEON,EL01 
XEMB,EL05
XEON,EL05
XEON,EL06
XEQU,EL06
XEQU,EL07
XENB,EL07
XEAB,EL11
% Coal transportation to generators,
1TMI,EC01
1TOH,EC01
1TKY,EC01
1TIN,EC01
1TWY,EC01
1TVA,EC01
1TTX,EC02
1TPA,EC03
1TMD,EC03
1TDE,EC03
1TMO,EC04
1TIL,EC04
1TWI,EC04
1TWI,EC05
1TMN,EC05
1TND,EC05
1TSD,EC05
1TIA,EC05
1TNE,EC05
1TNY,EC06
1TME,EC07
1TNH,EC07
1TVT,EC07
1TMA,EC07
1TCT,EC07
1TRI,EC07
1TFL,EC08
1TVA,EC09
1TTN,EC09
1TNC,EC09
1TSC,EC09
1TGA,EC09
1TAL,EC09
1TMS,EC09
1TMS,EC10
1TLA,EC10
1TAR,EC10
1TOK,EC10
1TKS,EC10
1TMO,EC10
1TWA,EC11
1TOR,EC11
1TID,EC11
1TMT,EC11
1TWY,EC11
1TUT,EC11
1TNV,EC11
1TWY,EC12
1TCO,EC12
1TAZ,EC12
1TNM,EC12
1TCA,EC13
2TMI,EC01
2TOH,EC01
2TKY,EC01
2TIN,EC01
2TWY,EC01
2TVA,EC01
2TTX,EC02
2TPA,EC03
2TMD,EC03
2TDE,EC03
2TMO,EC04
2TIL,EC04
2TWI,EC04
2TWI,EC05
2TMN,EC05
2TND,EC05
2TSD,EC05
2TIA,EC05
2TNE,EC05
2TNY,EC06
2TME,EC07
2TNH,EC07
2TVT,EC07
2TMA,EC07
2TCT,EC07
2TRI,EC07
2TFL,EC08
2TVA,EC09
2TTN,EC09
2TNC,EC09
2TSC,EC09
2TGA,EC09
2TAL,EC09
2TMS,EC09
2TMS,EC10
2TLA,EC10
2TAR,EC10
2TOK,EC10
2TKS,EC10
2TMO,EC10
2TWA,EC11
2TOR,EC11
2TID,EC11
2TMT,EC11
2TWY,EC11
2TUT,EC11
2TNV,EC11
2TWY,EC12
2TCO,EC12
2TAZ,EC12
2TNM,EC12
2TCA,EC13
3TMI,EC01
3TOH,EC01
3TKY,EC01
3TIN,EC01
3TWY,EC01
3TVA,EC01
3TTX,EC02
3TPA,EC03
3TMD,EC03
3TDE,EC03
3TMO,EC04
3TIL,EC04
3TWI,EC04
3TWI,EC05
3TMN,EC05
3TND,EC05
3TSD,EC05
3TIA,EC05
3TNE,EC05
3TNY,EC06
3TME,EC07
3TNH,EC07
3TVT,EC07
3TMA,EC07
3TCT,EC07
3TRI,EC07
3TFL,EC08
3TVA,EC09
3TTN,EC09
3TNC,EC09
3TSC,EC09
3TGA,EC09
3TAL,EC09
3TMS,EC09
3TMS,EC10
3TLA,EC10
3TAR,EC10
3TOK,EC10
3TKS,EC10
3TMO,EC10
3TWA,EC11
3TOR,EC11
3TID,EC11
3TMT,EC11
3TWY,EC11
3TUT,EC11
3TNV,EC11
3TWY,EC12
3TCO,EC12
3TAZ,EC12
3TNM,EC12
3TCA,EC13
4TMI,EC01
4TOH,EC01
4TKY,EC01
4TIN,EC01
4TWY,EC01
4TVA,EC01
4TTX,EC02
4TPA,EC03
4TMD,EC03
4TDE,EC03
4TMO,EC04
4TIL,EC04
4TWI,EC04
4TWI,EC05
4TMN,EC05
4TND,EC05
4TSD,EC05
4TIA,EC05
4TNE,EC05
4TNY,EC06
4TME,EC07
4TNH,EC07
4TVT,EC07
4TMA,EC07
4TCT,EC07
4TRI,EC07
4TFL,EC08
4TVA,EC09
4TTN,EC09
4TNC,EC09
4TSC,EC09
4TGA,EC09
4TAL,EC09
4TMS,EC09
4TMS,EC10
4TLA,EC10
4TAR,EC10
4TOK,EC10
4TKS,EC10
4TMO,EC10
4TWA,EC11
4TOR,EC11
4TID,EC11
4TMT,EC11
4TWY,EC11
4TUT,EC11
4TNV,EC11
4TWY,EC12
4TCO,EC12
4TAZ,EC12
4TNM,EC12
4TCA,EC13
1TMI,ED01
1TOH,ED01
1TKY,ED01
1TIN,ED01
1TWY,ED01
1TVA,ED01
1TTX,ED02
1TPA,ED03
1TMD,ED03
1TDE,ED03
1TMO,ED04
1TIL,ED04
1TWI,ED04
1TWI,ED05
1TMN,ED05
1TND,ED05
1TSD,ED05
1TIA,ED05
1TNE,ED05
1TNY,ED06
1TME,ED07
1TNH,ED07
1TVT,ED07
1TMA,ED07
1TCT,ED07
1TRI,ED07
1TFL,ED08
1TVA,ED09
1TTN,ED09
1TNC,ED09
1TSC,ED09
1TGA,ED09
1TAL,ED09
1TMS,ED09
1TMS,ED10
1TLA,ED10
1TAR,ED10
1TOK,ED10
1TKS,ED10
1TMO,ED10
1TWA,ED11
1TOR,ED11
1TID,ED11
1TMT,ED11
1TWY,ED11
1TUT,ED11
1TNV,ED11
1TWY,ED12
1TCO,ED12
1TAZ,ED12
1TNM,ED12
1TCA,ED13
2TMI,ED01
2TOH,ED01
2TKY,ED01
2TIN,ED01
2TWY,ED01
2TVA,ED01
2TTX,ED02
2TPA,ED03
2TMD,ED03
2TDE,ED03
2TMO,ED04
2TIL,ED04
2TWI,ED04
2TWI,ED05
2TMN,ED05
2TND,ED05
2TSD,ED05
2TIA,ED05
2TNE,ED05
2TNY,ED06
2TME,ED07
2TNH,ED07
2TVT,ED07
2TMA,ED07
2TCT,ED07
2TRI,ED07
2TFL,ED08
2TVA,ED09
2TTN,ED09
2TNC,ED09
2TSC,ED09
2TGA,ED09
2TAL,ED09
2TMS,ED09
2TMS,ED10
2TLA,ED10
2TAR,ED10
2TOK,ED10
2TKS,ED10
2TMO,ED10
2TWA,ED11
2TOR,ED11
2TID,ED11
2TMT,ED11
2TWY,ED11
2TUT,ED11
2TNV,ED11
2TWY,ED12
2TCO,ED12
2TAZ,ED12
2TNM,ED12
2TCA,ED13
3TMI,ED01
3TOH,ED01
3TKY,ED01
3TIN,ED01
3TWY,ED01
3TVA,ED01
3TTX,ED02
3TPA,ED03
3TMD,ED03
3TDE,ED03
3TMO,ED04
3TIL,ED04
3TWI,ED04
3TWI,ED05
3TMN,ED05
3TND,ED05
3TSD,ED05
3TIA,ED05
3TNE,ED05
3TNY,ED06
3TME,ED07
3TNH,ED07
3TVT,ED07
3TMA,ED07
3TCT,ED07
3TRI,ED07
3TFL,ED08
3TVA,ED09
3TTN,ED09
3TNC,ED09
3TSC,ED09
3TGA,ED09
3TAL,ED09
3TMS,ED09
3TMS,ED10
3TLA,ED10
3TAR,ED10
3TOK,ED10
3TKS,ED10
3TMO,ED10
3TWA,ED11
3TOR,ED11
3TID,ED11
3TMT,ED11
3TWY,ED11
3TUT,ED11
3TNV,ED11
3TWY,ED12
3TCO,ED12
3TAZ,ED12
3TNM,ED12
3TCA,ED13
4TMI,ED01
4TOH,ED01
4TKY,ED01
4TIN,ED01
4TWY,ED01
4TVA,ED01
4TTX,ED02
4TPA,ED03
4TMD,ED03
4TDE,ED03
4TMO,ED04
4TIL,ED04
4TWI,ED04
4TWI,ED05
4TMN,ED05
4TND,ED05
4TSD,ED05
4TIA,ED05
4TNE,ED05
4TNY,ED06
4TME,ED07
4TNH,ED07
4TVT,ED07
4TMA,ED07
4TCT,ED07
4TRI,ED07
4TFL,ED08
4TVA,ED09
4TTN,ED09
4TNC,ED09
4TSC,ED09
4TGA,ED09
4TAL,ED09
4TMS,ED09
4TMS,ED10
4TLA,ED10
4TAR,ED10
4TOK,ED10
4TKS,ED10
4TMO,ED10
4TWA,ED11
4TOR,ED11
4TID,ED11
4TMT,ED11
4TWY,ED11
4TUT,ED11
4TNV,ED11
4TWY,ED12
4TCO,ED12
4TAZ,ED12
4TNM,ED12
4TCA,ED13
% Natural gas transshipment to generation,
NTMI,EG01
NTOH,EG01
NTKY,EG01
NTIN,EG01
NTWY,EG01
NTVA,EG01
NTTX,EG02
NTPA,EG03
NTMD,EG03
NTDE,EG03
NTMO,EG04
NTIL,EG04
NTWI,EG04
NTWI,EG05
NTMN,EG05
NTND,EG05
NTSD,EG05
NTIA,EG05
NTNE,EG05
NTNY,EG06
NTME,EG07
NTNH,EG07
NTVT,EG07
NTMA,EG07
NTCT,EG07
NTRI,EG07
NTFL,EG08
NTVA,EG09
NTTN,EG09
NTNC,EG09
NTSC,EG09
NTGA,EG09
NTAL,EG09
NTMS,EG09
NTMS,EG10
NTLA,EG10
NTAR,EG10
NTOK,EG10
NTKS,EG10
NTMO,EG10
NTWA,EG11
NTOR,EG11
NTID,EG11
NTMT,EG11
NTWY,EG11
NTUT,EG11
NTNV,EG11
NTWY,EG12
NTCO,EG12
NTAZ,EG12
NTNM,EG12
NTCA,EG13
NTMI,ET01
NTOH,ET01
NTKY,ET01
NTIN,ET01
NTWY,ET01
NTVA,ET01
NTTX,ET02
NTPA,ET03
NTMD,ET03
NTDE,ET03
NTMO,ET04
NTIL,ET04
NTWI,ET04
NTWI,ET05
NTMN,ET05
NTND,ET05
NTSD,ET05
NTIA,ET05
NTNE,ET05
NTNY,ET06
NTME,ET07
NTNH,ET07
NTVT,ET07
NTMA,ET07
NTCT,ET07
NTRI,ET07
NTFL,ET08
NTVA,ET09
NTTN,ET09
NTNC,ET09
NTSC,ET09
NTGA,ET09
NTAL,ET09
NTMS,ET09
NTMS,ET10
NTLA,ET10
NTAR,ET10
NTOK,ET10
NTKS,ET10
NTMO,ET10
NTWA,ET11
NTOR,ET11
NTID,ET11
NTMT,ET11
NTWY,ET11
NTUT,ET11
NTNV,ET11
NTWY,ET12
NTCO,ET12
NTAZ,ET12
NTNM,ET12
NTCA,ET13
% VEHICLES,
% Gasoline vehicles,
GD01,Gg01
GD02,Gg02
GD03,Gg03
GD04,Gg04
GD05,Gg05
GD06,Gg06
GD07,Gg07
GD08,Gg08
GD09,Gg09
GD10,Gg10
GD11,Gg11
GD12,Gg12
GD13,Gg13
Gg01,VD01
Gg02,VD02
Gg03,VD03
Gg04,VD04
Gg05,VD05
Gg06,VD06
Gg07,VD07
Gg08,VD08
Gg09,VD09
Gg10,VD10
Gg11,VD11
Gg12,VD12
Gg13,VD13
% Hybrids,
GD01,Gh01
GD02,Gh02
GD03,Gh03
GD04,Gh04
GD05,Gh05
GD06,Gh06
GD07,Gh07
GD08,Gh08
GD09,Gh09
GD10,Gh10
GD11,Gh11
GD12,Gh12
GD13,Gh13
Gh01,VD01
Gh02,VD02
Gh03,VD03
Gh04,VD04
Gh05,VD05
Gh06,VD06
Gh07,VD07
Gh08,VD08
Gh09,VD09
Gh10,VD10
Gh11,VD11
Gh12,VD12
Gh13,VD13
% Gasoline production for vehicles,
XG01,GD01
XG02,GD02
XG03,GD03
XG04,GD04
XG05,GD05
XG06,GD06
XG07,GD07
XG08,GD08
XG09,GD09
XG10,GD10
XG11,GD11
XG12,GD12
XG13,GD13
% Diesel production for commodities,
XD01,DD01
XD02,DD02
XD03,DD03
XD04,DD04
XD05,DD05
XD06,DD06
XD07,DD07
XD08,DD08
XD09,DD09
XD10,DD10
XD11,DD11
XD12,DD12
XD13,DD13
% Hydrogen Central Stations,
% Region 1 New England,
1TCT,HC01
1TME,HC01
1TMA,HC01
1TNH,HC01
1TRI,HC01
1TVT,HC01
2TCT,HC01
2TME,HC01
2TMA,HC01
2TNH,HC01
2TRI,HC01
2TVT,HC01
3TCT,HC01
3TME,HC01
3TMA,HC01
3TNH,HC01
3TRI,HC01
3TVT,HC01
4TCT,HC01
4TME,HC01
4TMA,HC01
4TNH,HC01
4TRI,HC01
4TVT,HC01
% Region 2 Middle Atlantic,
1TNJ,HC02
1TNY,HC02
1TPA,HC02
2TNJ,HC02
2TNY,HC02
2TPA,HC02
3TNJ,HC02
3TNY,HC02
3TPA,HC02
4TNJ,HC02
4TNY,HC02
4TPA,HC02
% Region 3 East North Central,
1TIL,HC03
1TIN,HC03
1TMI,HC03
1TOH,HC03
1TWI,HC03
2TIL,HC03
2TIN,HC03
2TMI,HC03
2TOH,HC03
2TWI,HC03
3TIL,HC03
3TIN,HC03
3TMI,HC03
3TOH,HC03
3TWI,HC03
4TIL,HC03
4TIN,HC03
4TMI,HC03
4TOH,HC03
4TWI,HC03
% Region 4 West North Central,
1TIA,HC04
1TKS,HC04
1TMN,HC04
1TMO,HC04
1TNE,HC04
1TND,HC04
1TSD,HC04
2TIA,HC04
2TKS,HC04
2TMN,HC04
2TMO,HC04
2TNE,HC04
2TND,HC04
2TSD,HC04
3TIA,HC04
3TKS,HC04
3TMN,HC04
3TMO,HC04
3TNE,HC04
3TND,HC04
3TSD,HC04
4TIA,HC04
4TKS,HC04
4TMN,HC04
4TMO,HC04
4TNE,HC04
4TND,HC04
4TSD,HC04
% Region 5 South Atlantic,
1TDE,HC05
1TFL,HC05
1TGA,HC05
1TMD,HC05
1TNC,HC05
1TSC,HC05
1TVA,HC05
1TWV,HC05
2TDE,HC05
2TFL,HC05
2TGA,HC05
2TMD,HC05
2TNC,HC05
2TSC,HC05
2TVA,HC05
2TWV,HC05
3TDE,HC05
3TFL,HC05
3TGA,HC05
3TMD,HC05
3TNC,HC05
3TSC,HC05
3TVA,HC05
3TWV,HC05
4TDE,HC05
4TFL,HC05
4TGA,HC05
4TMD,HC05
4TNC,HC05
4TSC,HC05
4TVA,HC05
4TWV,HC05
% Region 6  East South Central,
1TAL,HC06
1TKY,HC06
1TMS,HC06
1TTN,HC06
2TAL,HC06
2TKY,HC06
2TMS,HC06
2TTN,HC06
3TAL,HC06
3TKY,HC06
3TMS,HC06
3TTN,HC06
4TAL,HC06
4TKY,HC06
4TMS,HC06
4TTN,HC06
% Region 7 West South Central,
1TAR,HC07
1TLA,HC07
1TOK,HC07
1TTX,HC07
2TAR,HC07
2TLA,HC07
2TOK,HC07
2TTX,HC07
3TAR,HC07
3TLA,HC07
3TOK,HC07
3TTX,HC07
4TAR,HC07
4TLA,HC07
4TOK,HC07
4TTX,HC07
% Region 8 Mountaion ,
1TAZ,HC08
1TCO,HC08
1TID,HC08
1TMT,HC08
1TNV,HC08
1TNM,HC08
1TUT,HC08
1TWY,HC08
2TAZ,HC08
2TCO,HC08
2TID,HC08
2TMT,HC08
2TNV,HC08
2TNM,HC08
2TUT,HC08
2TWY,HC08
3TAZ,HC08
3TCO,HC08
3TID,HC08
3TMT,HC08
3TNV,HC08
3TNM,HC08
3TUT,HC08
3TWY,HC08
4TAZ,HC08
4TCO,HC08
4TID,HC08
4TMT,HC08
4TNV,HC08
4TNM,HC08
4TUT,HC08
4TWY,HC08
%Region 9 Pacific,
1TCA,HC09
1TOR,HC09
1TWA,HC09
2TCA,HC09
2TOR,HC09
2TWA,HC09
3TCA,HC09
3TOR,HC09
3TWA,HC09
4TCA,HC09
4TOR,HC09
4TWA,HC09
% Region 1 New England,
HC01,HT01
% Region 2 Middle Atlantic,
HC02,HT02
% Region 3 East North Central,
HC03,HT03
% Region 4 West North Central,
HC04,HT04
% Region 5 South Atlantic,
HC05,HT05
% Region 6  East South Central,
HC06,HT06
% Region 7 West South Central,
HC07,HT07
% Region 8 Mountaion ,
HC08,HT08
%Region 9 Pacific,
HC09,HT09
% Region 1 New England,
HT01,HD01
% Region 2 Middle Atlantic,
HT02,HD02
% Region 3 East North Central,
HT03,HD03
% Region 4 West North Central,
HT04,HD04
% Region 5 South Atlantic,
HT05,HD05
% Region 6  East South Central,
HT06,HD06
% Region 7 West South Central,
HT07,HD07
% Region 8 Mountaion ,
HT08,HD08
%Region 9 Pacific,
HT09,HD09
% Hydrogen Central Stations,
% Region 1 New England,
1TCT,HA01
1TME,HA01
1TMA,HA01
1TNH,HA01
1TRI,HA01
1TVT,HA01
2TCT,HA01
2TME,HA01
2TMA,HA01
2TNH,HA01
2TRI,HA01
2TVT,HA01
3TCT,HA01
3TME,HA01
3TMA,HA01
3TNH,HA01
3TRI,HA01
3TVT,HA01
4TCT,HA01
4TME,HA01
4TMA,HA01
4TNH,HA01
4TRI,HA01
4TVT,HA01
% Region 2 Middle Atlantic,
1TNJ,HA02
1TNY,HA02
1TPA,HA02
2TNJ,HA02
2TNY,HA02
2TPA,HA02
3TNJ,HA02
3TNY,HA02
3TPA,HA02
4TNJ,HA02
4TNY,HA02
4TPA,HA02
% Region 3 East North Central,
1TIL,HA03
1TIN,HA03
1TMI,HA03
1TOH,HA03
1TWI,HA03
2TIL,HA03
2TIN,HA03
2TMI,HA03
2TOH,HA03
2TWI,HA03
3TIL,HA03
3TIN,HA03
3TMI,HA03
3TOH,HA03
3TWI,HA03
4TIL,HA03
4TIN,HA03
4TMI,HA03
4TOH,HA03
4TWI,HA03
% Region 4 West North Central,
1TIA,HA04
1TKS,HA04
1TMN,HA04
1TMO,HA04
1TNE,HA04
1TND,HA04
1TSD,HA04
2TIA,HA04
2TKS,HA04
2TMN,HA04
2TMO,HA04
2TNE,HA04
2TND,HA04
2TSD,HA04
3TIA,HA04
3TKS,HA04
3TMN,HA04
3TMO,HA04
3TNE,HA04
3TND,HA04
3TSD,HA04
4TIA,HA04
4TKS,HA04
4TMN,HA04
4TMO,HA04
4TNE,HA04
4TND,HA04
4TSD,HA04
% Region 5 South Atlantic,
1TDE,HA05
1TFL,HA05
1TGA,HA05
1TMD,HA05
1TNC,HA05
1TSC,HA05
1TVA,HA05
1TWV,HA05
2TDE,HA05
2TFL,HA05
2TGA,HA05
2TMD,HA05
2TNC,HA05
2TSC,HA05
2TVA,HA05
2TWV,HA05
3TDE,HA05
3TFL,HA05
3TGA,HA05
3TMD,HA05
3TNC,HA05
3TSC,HA05
3TVA,HA05
3TWV,HA05
4TDE,HA05
4TFL,HA05
4TGA,HA05
4TMD,HA05
4TNC,HA05
4TSC,HA05
4TVA,HA05
4TWV,HA05
% Region 6  East South Central,
1TAL,HA06
1TKY,HA06
1TMS,HA06
1TTN,HA06
2TAL,HA06
2TKY,HA06
2TMS,HA06
2TTN,HA06
3TAL,HA06
3TKY,HA06
3TMS,HA06
3TTN,HA06
4TAL,HA06
4TKY,HA06
4TMS,HA06
4TTN,HA06
% Region 7 West South Central,
1TAR,HA07
1TLA,HA07
1TOK,HA07
1TTX,HA07
2TAR,HA07
2TLA,HA07
2TOK,HA07
2TTX,HA07
3TAR,HA07
3TLA,HA07
3TOK,HA07
3TTX,HA07
4TAR,HA07
4TLA,HA07
4TOK,HA07
4TTX,HA07
% Region 8 Mountaion ,
1TAZ,HA08
1TCO,HA08
1TID,HA08
1TMT,HA08
1TNV,HA08
1TNM,HA08
1TUT,HA08
1TWY,HA08
2TAZ,HA08
2TCO,HA08
2TID,HA08
2TMT,HA08
2TNV,HA08
2TNM,HA08
2TUT,HA08
2TWY,HA08
3TAZ,HA08
3TCO,HA08
3TID,HA08
3TMT,HA08
3TNV,HA08
3TNM,HA08
3TUT,HA08
3TWY,HA08
4TAZ,HA08
4TCO,HA08
4TID,HA08
4TMT,HA08
4TNV,HA08
4TNM,HA08
4TUT,HA08
4TWY,HA08
%Region 9 Pacific,
1TCA,HA09
1TOR,HA09
1TWA,HA09
2TCA,HA09
2TOR,HA09
2TWA,HA09
3TCA,HA09
3TOR,HA09
3TWA,HA09
4TCA,HA09
4TOR,HA09
4TWA,HA09
% Region 1 New England,
HA01,HB01
% Region 2 Middle Atlantic,
HA02,HB02
% Region 3 East North Central,
HA03,HB03
% Region 4 West North Central,
HA04,HB04
% Region 5 South Atlantic,
HA05,HB05
% Region 6  East South Central,
HA06,HB06
% Region 7 West South Central,
HA07,HB07
% Region 8 Mountaion ,
HA08,HB08
%Region 9 Pacific,
HA09,HB09
% Region 1 New England,
HB01,HD01
% Region 2 Middle Atlantic,
HB02,HD02
% Region 3 East North Central,
HB03,HD03
% Region 4 West North Central,
HB04,HD04
% Region 5 South Atlantic,
HB05,HD05
% Region 6  East South Central,
HB06,HD06
% Region 7 West South Central,
HB07,HD07
% Region 8 Mountaion ,
HB08,HD08
%Region 9 Pacific,
HB09,HD09
% Hydrogen Central Stations,
% Region 1 New England,
NTCT,HR01
NTME,HR01
NTMA,HR01
NTNH,HR01
NTRI,HR01
NTVT,HR01
% Region 2 Middle Atlantic,
NTNJ,HR02
NTNY,HR02
NTPA,HR02
% Region 3 East North Central,
NTIL,HR03
NTIN,HR03
NTMI,HR03
NTOH,HR03
NTWI,HR03
% Region 4 West North Central,
NTIA,HR04
NTKS,HR04
NTMN,HR04
NTMO,HR04
NTNE,HR04
NTND,HR04
NTSD,HR04
% Region 5 South Atlantic,
NTDE,HR05
NTFL,HR05
NTGA,HR05
NTMD,HR05
NTNC,HR05
NTSC,HR05
NTVA,HR05
NTWV,HR05
% Region 6  East South Central,
NTAL,HR06
NTKY,HR06
NTMS,HR06
NTTN,HR06
% Region 7 West South Central,
NTAR,HR07
NTLA,HR07
NTOK,HR07
NTTX,HR07
% Region 8 Mountaion ,
NTAZ,HR08
NTCO,HR08
NTID,HR08
NTMT,HR08
NTNV,HR08
NTNM,HR08
NTUT,HR08
NTWY,HR08
%Region 9 Pacific,
NTCA,HR09
NTOR,HR09
NTWA,HR09
% Region 1 New England,
HR01,HF01
% Region 2 Middle Atlantic,
HR02,HF02
% Region 3 East North Central,
HR03,HF03
% Region 4 West North Central,
HR04,HF04
% Region 5 South Atlantic,
HR05,HF05
% Region 6  East South Central,
HR06,HF06
% Region 7 West South Central,
HR07,HF07
% Region 8 Mountaion ,
HR08,HF08
%Region 9 Pacific,
HR09,HF09
% Region 1 New England,
HF01,HD01
% Region 2 Middle Atlantic,
HF02,HD02
% Region 3 East North Central,
HF03,HD03
% Region 4 West North Central,
HF04,HD04
% Region 5 South Atlantic,
HF05,HD05
% Region 6  East South Central,
HF06,HD06
% Region 7 West South Central,
HF07,HD07
% Region 8 Mountaion ,
HF08,HD08
%Region 9 Pacific,
HF09,HD09
% Hydrogen Central Stations,
% Region 1 New England,
NTCT,HO01
NTME,HO01
NTMA,HO01
NTNH,HO01
NTRI,HO01
NTVT,HO01
% Region 2 Middle Atlantic,
NTNJ,HO02
NTNY,HO02
NTPA,HO02
% Region 3 East North Central,
NTIL,HO03
NTIN,HO03
NTMI,HO03
NTOH,HO03
NTWI,HO03
% Region 4 West North Central,
NTIA,HO04
NTKS,HO04
NTMN,HO04
NTMO,HO04
NTNE,HO04
NTND,HO04
NTSD,HO04
% Region 5 South Atlantic,
NTDE,HO05
NTFL,HO05
NTGA,HO05
NTMD,HO05
NTNC,HO05
NTSC,HO05
NTVA,HO05
NTWV,HO05
% Region 6  East South Central,
NTAL,HO06
NTKY,HO06
NTMS,HO06
NTTN,HO06
% Region 7 West South Central,
NTAR,HO07
NTLA,HO07
NTOK,HO07
NTTX,HO07
% Region 8 Mountaion ,
NTAZ,HO08
NTCO,HO08
NTID,HO08
NTMT,HO08
NTNV,HO08
NTNM,HO08
NTUT,HO08
NTWY,HO08
%Region 9 Pacific,
NTCA,HO09
NTOR,HO09
NTWA,HO09
% Region 1 New England,
HO01,HN01
% Region 2 Middle Atlantic,
HO02,HN02
% Region 3 East North Central,
HO03,HN03
% Region 4 West North Central,
HO04,HN04
% Region 5 South Atlantic,
HO05,HN05
% Region 6  East South Central,
HO06,HN06
% Region 7 West South Central,
HO07,HN07
% Region 8 Mountaion ,
HO08,HN08
%Region 9 Pacific,
HO09,HN09
% Region 1 New England,
HN01,HD01
% Region 2 Middle Atlantic,
HN02,HD02
% Region 3 East North Central,
HN03,HD03
% Region 4 West North Central,
HN04,HD04
% Region 5 South Atlantic,
HN05,HD05
% Region 6  East South Central,
HN06,HD06
% Region 7 West South Central,
HN07,HD07
% Region 8 Mountaion ,
HN08,HD08
%Region 9 Pacific,
HN09,HD09
% Region 1 New England,
EL07,HE01
% Region 2 Middle Atlantic,
EL03,HE02
% Region 3 East North Central,
EL01,HE03
% Region 4 West North Central,
EL05,HE04
% Region 5 South Atlantic,
EL09,HE05
% Region 6  East South Central,
EL10,HE06
% Region 7 West South Central,
EL02,HE07
% Region 8 Mountaion ,
EL11,HE08
%Region 9 Pacific,
EL13,HE09
% Region 1 New England,
HE01,HH01
% Region 2 Middle Atlantic,
HE02,HH02
% Region 3 East North Central,
HE03,HH03
% Region 4 West North Central,
HE04,HH04
% Region 5 South Atlantic,
HE05,HH05
% Region 6  East South Central,
HE06,HH06
% Region 7 West South Central,
HE07,HH07
% Region 8 Mountaion ,
HE08,HH08
%Region 9 Pacific,
HE09,HH09
HH01,HD01
HH02,HD02
HH03,HD03
HH04,HD04
HH05,HD05
HH06,HD06
HH07,HD07
HH08,HD08
HH09,HD09
HD01,Gf07
HD02,Gf06
HD03,Gf01
HD04,Gf05
HD05,Gf09
HD06,Gf10
HD07,Gf02
HD08,Gf12
HD09,Gf13
HD01,Gf03
HD03,Gf04
HD05,Gf08
HD08,Gf11
Gf07,VD07
Gf06,VD06
Gf01,VD01
Gf05,VD05
Gf09,VD09
Gf10,VD10
Gf02,VD02
Gf12,VD12
Gf13,VD13
Gf03,VD03
Gf04,VD04
Gf08,VD08
Gf11,VD11
