from,to,const
% Generation from coal (GWh / thousang short ton),,
1T,EC,1.915360158
2T,EC,2.615941235
3T,EC,2.140116215
4T,EC,2.180681943
1T,ED,2.071623384
2T,ED,2.829360844
3T,ED,2.314715997
4T,ED,2.358591249
% Generation from natural gas,,
NT,EG,0.164198121
NT,ET,0.116628959
% Renewables,,
EV,EL02,0.2
EV,EL08,0.22
EV,EL05,0.15
EV,EL04,0.15
EV,EL07,0.15
EV,EL06,0.15
EV,EL01,0.15
EV,EL03,0.15
EV,EL09,0.2
EV,EL10,0.2
EV,EL11,0.1
EV,EL13,0.22
EV,EL12,0.25
EU,EL02,0.25
EU,EL08,0.27
EU,EL05,0.22
EU,EL04,0.22
EU,EL07,0.22
EU,EL06,0.22
EU,EL01,0.22
EU,EL03,0.22
EU,EL09,0.25
EU,EL10,0.25
EU,EL11,0.15
EU,EL13,0.27
EU,EL12,0.32
EW,EL02,0.4
EW,EL08,0.3
EW,EL05,0.5
EW,EL04,0.5
EW,EL07,0.3
EW,EL06,0.3
EW,EL01,0.3
EW,EL03,0.3
EW,EL09,0.1
EW,EL10,0.4
EW,EL11,0.4
EW,EL13,0.3
EW,EL12,0.2
EY,EL02,0.2
EY,EL08,0.4
EY,EL07,0.4
EY,EL03,0.4
EY,EL09,0.4
EY,EL11,0.4
EY,EL13,0.3
E2,EL,0.3
E3,EL,0.3
E1,EL,0.85
EN,EL,0.85
EC,EL,0.75
EG,EL,0.2
ET,EL,0.15
EH,EL,0.5
EO,EL,0.15
ED,EL,0.8
EP,EL,0.8
% Oil fuel for generation (GWh / MM gallon),,
XO,EO,12.141
% VEHICLES  ( mpg / 11.882 ),,
GD,Gg,1.9357
GD,Gh,3.3664
% Hydrogen Central Station,,
% Generation of Hydrogen  from coal (Kg H2 / thousand short ton),,
1T,HC,116338
2T,HC,116338
3T,HC,116338
4T,HC,116338
% Hydrogen  Transmissions,,
HC,HT,0.98
% Distribution and Dispensing Station ,,
HT,HD,0.96
% Generation of Hydrogen  from coal (Kg H2 / thousand short ton),,
1T,HA,116338
2T,HA,116338
3T,HA,116338
4T,HA,116338
% Hydrogen G Transmissions,,
HA,HB,0.98
% Distribution and Dispensing Station ,,
HB,HD,0.96
% Generations of Hydrogen from Natural Gas ( Kg H2 / MMCF),,
NT,HR,5967
"% Transmissions, Distributions and Dispensing",,
HR,HF,0.98
HF,HD,0.96
% Generations of Hydrogen from Natural Gas ( Kg H2 / MMCF),,
NT,HO,5967
"% Transmissions, Distributions and Dispensing",,
HO,HN,0.98
HN,HD,0.96
% Generations of Hydrogen from Grid Electrolysis (Kg H2/ GWhr),,
EL,HE,19051
"% Transmissions, Distributions and Dispensing",,
HE,HH,0.98
HH,HD,0.96
% FCV (thousand FCVs per kg of H2) - assume 11882 miles per FCV in a year,,
HD,Gf,5.41E-06
