StepName,ym
StepLength,y40m12
StepHours,720
% StepName,ymh
% StepLength,y40m12h3
% StepHours,72
% StepHours,288
% StepHours,360
UseDCFlow,FALSE
UseBenders,FALSE
OutputLevel,2
CodeDC,EL
DefStep,y
DefInflation,0.02
DefDiscount,0.02
TransStep,y
TransInfra,rt
TransInfra,hk
TransComm,1tk
TransComm,2tk
TransComm,3tk
TransComm,4tk
TransComm,5tk
TransCoal,1234
popsize,8
ngen,200
AddObj,EmCO2
AddMetric,EmCO2Power
AddMetric,EmCO2Trans
AddMetric,EmCO2Pass
% AddMetric,EmNOx
% AddMetric,EmSOx
% AddMetric,EmVOC
% AddMetric,EmPM
% AddMetric,EmAsh
% AddMetric,EmNucWaste
NumberEvents,4
pstart,0.15
pmut_bin,0.2
pcross_bin,0.1
stages,2
